Workbook

Sheet Daily
A1: Balans məlumatları və digər maliyyə göstəricilərinin gündəlik dəyişməsi hesabatı
F3: min manatla
B4: Balans hesabatı | C4: Bank Melli İran
A5: AKTİVLƏR | C5: =RIGHT('Daily-Report'!J3,10) -> 19/01/2024 | D5: =RIGHT('Daily-Report'!A3,10) -> 22/01/2024 | E5: Fərq,%-lə | F5: Fərq məbləğlə
A6: 1 | B6: Nağd vəsaitlər | C6: ='Daily-Report'!L6 -> 0 | D6: ='Daily-Report'!C6 -> 0 | E6: =IFERROR((D6-C6)/C6*100%,0) -> 0 | F6: =D6-C6 -> 0
A7: 2 | B7: Müxbir hesablar | C7: ='Daily-Report'!L7 -> 0 | D7: ='Daily-Report'!C7 -> 0 | E7: =IFERROR((D7-C7)/C7*100%,0) -> 0 | F7: =D7-C7 -> 0
A8: 2a | B8: AMB | C8: ='Daily-Report'!L8 -> 0 | D8: ='Daily-Report'!C8 -> 0 | E8: =IFERROR((D8-C8)/C8*100%,0) -> 0 | F8: =D8-C8 -> 0
A9: 2a.1 | B9: o cümlədən blokda olan vəsaitlər | C9: ='Daily-Report'!L9 -> 0 | D9: ='Daily-Report'!C9 -> 0 | E9: =IFERROR((D9-C9)/C9*100%,0) -> 0 | F9: =D9-C9 -> 0
A10: 2b | B10: Rezident banklarda müxbir hesablar (xalis) | C10: ='Daily-Report'!L10 -> 0 | D10: ='Daily-Report'!C10 -> 0 | E10: =IFERROR((D10-C10)/C10*100%,0) -> 0 | F10: =D10-C10 -> 0
A11: 2b.1 | B11: o cümlədən blokda olan vəsaitlər | C11: ='Daily-Report'!L11 -> 0 | D11: ='Daily-Report'!C11 -> 0 | E11: =IFERROR((D11-C11)/C11*100%,0) -> 0 | F11: =D11-C11 -> 0
A12: 2c | B12: Qeyri-rezident banklarda müxbir hesablar (xalis) | C12: ='Daily-Report'!L12 -> 0 | D12: ='Daily-Report'!C12 -> 0 | E12: =IFERROR((D12-C12)/C12*100%,0) -> 0 | F12: =D12-C12 -> 0
A13: 2c.1 | B13: o cümlədən blokda olan vəsaitlər | C13: ='Daily-Report'!L13 -> 0 | D13: ='Daily-Report'!C13 -> 0 | E13: =IFERROR((D13-C13)/C13*100%,0) -> 0 | F13: =D13-C13 -> 0
A14: 3 | B14: Qiymətli kağızlar (xalis) | C14: ='Daily-Report'!L14 -> 0 | D14: ='Daily-Report'!C14 -> 0 | E14: =IFERROR((D14-C14)/C14*100%,0) -> 0 | F14: =D14-C14 -> 0
A15: 4 | B15: Banklara depozitlər və kreditlər (xalis) | C15: ='Daily-Report'!L15 -> 0 | D15: ='Daily-Report'!C15 -> 0 | E15: =IFERROR((D15-C15)/C15*100%,0) -> 0 | F15: =D15-C15 -> 0
A16: 4a | B16: Banklara depozitlər və kreditlər üzrə məqsədli ehtiyatlar | C16: ='Daily-Report'!L16 -> 0 | D16: ='Daily-Report'!C16 -> 0 | E16: =IFERROR((D16-C16)/C16*100%,0) -> 0 | F16: =D16-C16 -> 0
A17: 5 | B17: Maliyyə institutlarına depozitlər və kreditlər (xalis) | C17: ='Daily-Report'!L17 -> 0 | D17: ='Daily-Report'!C17 -> 0 | E17: =IFERROR((D17-C17)/C17*100%,0) -> 0 | F17: =D17-C17 -> 0
A18: 5a | B18: Maliyyə institutlarına depozitlər və kreditlər üzrə məqsədli ehtiyatlar | C18: ='Daily-Report'!L18 -> 0 | D18: ='Daily-Report'!C18 -> 0 | E18: =IFERROR((D18-C18)/C18*100%,0) -> 0 | F18: =D18-C18 -> 0
A19: 6 | B19: Müştərilərə verilən kreditlər və lizinqlər | C19: ='Daily-Report'!L19 -> 0 | D19: ='Daily-Report'!C19 -> 0 | E19: =IFERROR((D19-C19)/C19*100%,0) -> 0 | F19: =D19-C19 -> 0
A20: 6a | B20: Kreditlər üzrə məqsədli ehtiyatlar | C20: ='Daily-Report'!L20 -> 0 | D20: ='Daily-Report'!C20 -> 0 | E20: =IFERROR((D20-C20)/C20*100%,0) -> 0 | F20: =D20-C20 -> 0
A21: 6b | B21: Müştərilərə verilən kreditlər (xalis) | C21: ='Daily-Report'!L21 -> 0 | D21: ='Daily-Report'!C21 -> 0 | E21: =IFERROR((D21-C21)/C21*100%,0) -> 0 | F21: =D21-C21 -> 0
A22: 7 | B22: Amortizasiya çıxılmaqla əsas vəsaitlər (bank işində istifadə olunmayan əsas vəsaitlər daxil olmaqla) | C22: ='Daily-Report'!L22 -> 0 | D22: ='Daily-Report'!C22 -> 0 | E22: =IFERROR((D22-C22)/C22*100%,0) -> 0 | F22: =D22-C22 -> 0
A23: 8 | B23: İnvestisiyalar və maliyyə iştirakı (xalis) | C23: ='Daily-Report'!L23 -> 0 | D23: ='Daily-Report'!C23 -> 0 | E23: =IFERROR((D23-C23)/C23*100%,0) -> 0 | F23: =D23-C23 -> 0
A24: 9 | B24: Digər aktivlər (xalis) | C24: ='Daily-Report'!L24 -> 0 | D24: ='Daily-Report'!C24 -> 0 | E24: =IFERROR((D24-C24)/C24*100%,0) -> 0 | F24: =D24-C24 -> 0
A25: 9a | B25: O cümlədən, hesablanmış alınası faizlər (xalis) | C25: ='Daily-Report'!L25 -> 0 | D25: ='Daily-Report'!C25 -> 0 | E25: =IFERROR((D25-C25)/C25*100%,0) -> 0 | F25: =D25-C25 -> 0
A26: 9b | B26: hesablanmış alınası faizlər üzrə məqsədli ehtiyatlar | C26: ='Daily-Report'!L26 -> 0 | D26: ='Daily-Report'!C26 -> 0 | E26: =IFERROR((D26-C26)/C26*100%,0) -> 0 | F26: =D26-C26 -> 0
B27: Digər məqsədli ehtiyatlar (4a,5a,6a,9b bəndləri istisna olmaqla) | C27: ='Daily-Report'!L27 -> 0 | D27: ='Daily-Report'!C27 -> 0 | E27: =IFERROR((D27-C27)/C27*100%,0) -> 0 | F27: =D27-C27 -> 0
A28: AKTİVLƏR CƏMİ | C28: =C6+C7+C14+C15+C17+C21+C22+C23+C24 -> 0 | D28: =D6+D7+D14+D15+D17+D21+D22+D23+D24 -> 0 | E28: =IFERROR((D28-C28)/C28*100%,0) -> 0 | F28: =D28-C28 -> 0
A29: PASSİVLƏR | C29: CƏMİ | D29: CƏMİ
A30: 10 | B30: Tələbli depozitləri | C30: ='Daily-Report'!L30 -> 0 | D30: ='Daily-Report'!C30 -> 0 | E30: =IFERROR((D30-C30)/C30*100%,0) -> 0 | F30: =D30-C30 -> 0
A31: 10a | B31: Hüquqi şəxslər | C31: ='Daily-Report'!L31 -> 0 | D31: ='Daily-Report'!C31 -> 0 | E31: =IFERROR((D31-C31)/C31*100%,0) -> 0 | F31: =D31-C31 -> 0
A32: 10b | B32: Fiziki şəxslər | C32: ='Daily-Report'!L32 -> 0 | D32: ='Daily-Report'!C32 -> 0 | E32: =IFERROR((D32-C32)/C32*100%,0) -> 0 | F32: =D32-C32 -> 0
A33: 11 | B33: Müddətli depozitləri | C33: ='Daily-Report'!L33 -> 0 | D33: ='Daily-Report'!C33 -> 0 | E33: =IFERROR((D33-C33)/C33*100%,0) -> 0 | F33: =D33-C33 -> 0
A34: 11a | B34: Hüquqi şəxslər | C34: ='Daily-Report'!L34 -> 0 | D34: ='Daily-Report'!C34 -> 0 | E34: =IFERROR((D34-C34)/C34*100%,0) -> 0 | F34: =D34-C34 -> 0
A35: 11b | B35: Fiziki şəxslər | C35: ='Daily-Report'!L35 -> 0 | D35: ='Daily-Report'!C35 -> 0 | E35: =IFERROR((D35-C35)/C35*100%,0) -> 0 | F35: =D35-C35 -> 0
A36: 12 | B36: AMB-nin banka qarşı tələbi | C36: ='Daily-Report'!L36 -> 0 | D36: ='Daily-Report'!C36 -> 0 | E36: =IFERROR((D36-C36)/C36*100%,0) -> 0 | F36: =D36-C36 -> 0
A37: 13 | B37: Bankların tələbləri (Loro) | C37: ='Daily-Report'!L37 -> 0 | D37: ='Daily-Report'!C37 -> 0 | E37: =IFERROR((D37-C37)/C37*100%,0) -> 0 | F37: =D37-C37 -> 0
A38: 14 | B38: Maliyyə sektoru institutlarından cəlb edilən vəsaitlər | C38: ='Daily-Report'!L38 -> 0 | D38: ='Daily-Report'!C38 -> 0 | E38: =IFERROR((D38-C38)/C38*100%,0) -> 0 | F38: =D38-C38 -> 0
A39: 14a | B39: Bankların depozitləri və kreditləri | C39: ='Daily-Report'!L39 -> 0 | D39: ='Daily-Report'!C39 -> 0 | E39: =IFERROR((D39-C39)/C39*100%,0) -> 0 | F39: =D39-C39 -> 0
A40: 14c | B40: Maliyyə institutlarının depozitləri və kreditləri | C40: ='Daily-Report'!L40 -> 0 | D40: ='Daily-Report'!C40 -> 0 | E40: =IFERROR((D40-C40)/C40*100%,0) -> 0 | F40: =D40-C40 -> 0
A41: 15 | B41: Digər öhdəliklər | C41: ='Daily-Report'!L41 -> 0 | D41: ='Daily-Report'!C41 -> 0 | E41: =IFERROR((D41-C41)/C41*100%,0) -> 0 | F41: =D41-C41 -> 0
A42: 15a | B42: O cümlədən, hesablanmış ödəniləsi faizlər | C42: ='Daily-Report'!L42 -> 0 | D42: ='Daily-Report'!C42 -> 0 | E42: =IFERROR((D42-C42)/C42*100%,0) -> 0 | F42: =D42-C42 -> 0
A43: PASSİVLƏR CƏMİ | C43: =C30+C33+C36+C37+C38+C41 -> 0 | D43: =D30+D33+D36+D37+D38+D41 -> 0 | E43: =IFERROR((D43-C43)/C43*100%,0) -> 0 | F43: =D43-C43 -> 0
A44: 16 | B44: Balans kapital | C44: ='Daily-Report'!L44 -> 0 | D44: ='Daily-Report'!C44 -> 0 | E44: =IFERROR((D44-C44)/C44*100%,0) -> 0 | F44: =D44-C44 -> 0
A45: 17 | B45: O cümlədən, cari ilin xalis mənfəəti | C45: ='Daily-Report'!L45 -> 0 | D45: ='Daily-Report'!C45 -> 0 | E45: =IFERROR((D45-C45)/C45*100%,0) -> 0 | F45: =D45-C45 -> 0
A46: ÖHDƏLİKLƏR VƏ KAPİTALIN cəmi | C46: =C43+C44 -> 0 | D46: =D43+D44 -> 0 | E46: =IFERROR((D46-C46)/C46*100%,0) -> 0 | F46: =D46-C46 -> 0
A48: Balansdankənar hesabat - (min manatla)
A49: BALANSARXASI ÖHDƏLİKLƏR | C49: CƏMİ | D49: CƏMİ
A50: 1 | B50: Qarantiyalar | C50: ='Daily-Report'!L50 -> 0 | D50: ='Daily-Report'!C50 -> 0 | E50: =IFERROR((D50-C50)/C50*100%,0) -> 0 | F50: =D50-C50 -> 0
A51: 2 | B51: Kredit xətləri | C51: ='Daily-Report'!L51 -> 0 | D51: ='Daily-Report'!C51 -> 0 | E51: =IFERROR((D51-C51)/C51*100%,0) -> 0 | F51: =D51-C51 -> 0
A52: 3 | B52: Akkreditivlər | C52: ='Daily-Report'!L52 -> 0 | D52: ='Daily-Report'!C52 -> 0 | E52: =IFERROR((D52-C52)/C52*100%,0) -> 0 | F52: =D52-C52 -> 0
A53: 4 | B53: Forvard | C53: ='Daily-Report'!L53 -> 0 | D53: ='Daily-Report'!C53 -> 0 | E53: =IFERROR((D53-C53)/C53*100%,0) -> 0 | F53: =D53-C53 -> 0
A54: 5 | B54: Fyuçers | C54: ='Daily-Report'!L54 -> 0 | D54: ='Daily-Report'!C54 -> 0 | E54: =IFERROR((D54-C54)/C54*100%,0) -> 0 | F54: =D54-C54 -> 0
A55: 6 | B55: Svop | C55: ='Daily-Report'!L55 -> 0 | D55: ='Daily-Report'!C55 -> 0 | E55: =IFERROR((D55-C55)/C55*100%,0) -> 0 | F55: =D55-C55 -> 0
A56: 7 | B56: Digər balansarxası öhdəliklər | C56: ='Daily-Report'!L56 -> 0 | D56: ='Daily-Report'!C56 -> 0 | E56: =IFERROR((D56-C56)/C56*100%,0) -> 0 | F56: =D56-C56 -> 0
A57: BALANSARXASI ÖHDƏLİKLƏR CƏMİ | B57: CƏMİ | C57: =C50+C51+C52+C53+C54+C55+C56 -> 0 | D57: =D50+D51+D52+D53+D54+D55+D56 -> 0 | E57: =IFERROR((D57-C57)/C57*100%,0) -> 0 | F57: =D57-C57 -> 0
A58: BALANSARXASI TƏLƏBLƏR | C58: CƏMİ | D58: CƏMİ
A59: 1 | B59: Alınmış kredit xətləri | C59: ='Daily-Report'!L59 -> 0 | D59: ='Daily-Report'!C59 -> 0 | E59: =IFERROR((D59-C59)/C59*100%,0) -> 0 | F59: =D59-C59 -> 0
A60: 3 | B60: Forvard | C60: ='Daily-Report'!L60 -> 0 | D60: ='Daily-Report'!C60 -> 0 | E60: =IFERROR((D60-C60)/C60*100%,0) -> 0 | F60: =D60-C60 -> 0
A61: 4 | B61: Fyuçers | C61: ='Daily-Report'!L61 -> 0 | D61: ='Daily-Report'!C61 -> 0 | E61: =IFERROR((D61-C61)/C61*100%,0) -> 0 | F61: =D61-C61 -> 0
A62: 5 | B62: Svop | C62: ='Daily-Report'!L62 -> 0 | D62: ='Daily-Report'!C62 -> 0 | E62: =IFERROR((D62-C62)/C62*100%,0) -> 0 | F62: =D62-C62 -> 0
A63: 6 | B63: Ümidsiz borclar | C63: ='Daily-Report'!L63 -> 0 | D63: ='Daily-Report'!C63 -> 0 | E63: =IFERROR((D63-C63)/C63*100%,0) -> 0 | F63: =D63-C63 -> 0
A64: BALANSARXASI TƏLƏBLƏR CƏMİ | B64: CƏMİ | C64: =C59+C60+C61+C62+C63 -> 0 | D64: =D59+D60+D61+D62+D63 -> 0 | E64: =IFERROR((D64-C64)/C64*100%,0) -> 0 | F64: =D64-C64 -> 0
A65: Əlavə məlumatlar | B65: CƏMİ
A66: 1 | B66: Fiziki şəxslərin tələbli depozitlərinə mədaxil | C66: ='Daily-Report'!L66 -> 0 | D66: ='Daily-Report'!C66 -> 0 | E66: =IFERROR((D66-C66)/C66*100%,0) -> 0 | F66: =D66-C66 -> 0
A67: 2 | B67: Fiziki şəxslərin müddətli depozitlərinə mədaxil | C67: ='Daily-Report'!L67 -> 0 | D67: ='Daily-Report'!C67 -> 0 | E67: =IFERROR((D67-C67)/C67*100%,0) -> 0 | F67: =D67-C67 -> 0
A68: 3 | B68: Fiziki şəxslərin tələbli depozitlərindən məxaric | C68: ='Daily-Report'!L68 -> 0 | D68: ='Daily-Report'!C68 -> 0 | E68: =IFERROR((D68-C68)/C68*100%,0) -> 0 | F68: =D68-C68 -> 0
A69: 4 | B69: Fiziki şəxslərin müddətli depozitlərindən məxaric | C69: ='Daily-Report'!L69 -> 0 | D69: ='Daily-Report'!C69 -> 0 | E69: =IFERROR((D69-C69)/C69*100%,0) -> 0 | F69: =D69-C69 -> 0
A70: 5 | B70: Hüquqi şəxslərin tələbli depozitlərinə mədaxil | C70: ='Daily-Report'!L70 -> 0 | D70: ='Daily-Report'!#REF! -> #REF! | E70: =IFERROR((D70-C70)/C70*100%,0) -> 0 | F70: =D70-C70 -> #REF!
A71: 6 | B71: Hüquqi şəxslərin müddətli depozitlərinə mədaxil | C71: ='Daily-Report'!L71 -> 0 | D71: ='Daily-Report'!C70 -> 0 | E71: =IFERROR((D71-C71)/C71*100%,0) -> 0 | F71: =D71-C71 -> 0
A72: 7 | B72: Hüquqi şəxslərin tələbli depozitlərindən məxaric | C72: ='Daily-Report'!L72 -> 0 | D72: ='Daily-Report'!#REF! -> #REF! | E72: =IFERROR((D72-C72)/C72*100%,0) -> 0 | F72: =D72-C72 -> #REF!
A73: 8 | B73: Hüquqi şəxslərin müddətli depozitlərindən məxaric | C73: ='Daily-Report'!L73 -> 0 | D73: ='Daily-Report'!C72 -> 0 | E73: =IFERROR((D73-C73)/C73*100%,0) -> 0 | F73: =D73-C73 -> 0
A74: 9 | B74: Gün ərzində cəmi verilmiş kreditlər | C74: ='Daily-Report'!#REF! -> #REF! | D74: ='Daily-Report'!#REF! -> #REF! | E74: =IFERROR((D74-C74)/C74*100%,0) -> 0 | F74: =D74-C74 -> #REF!
A75: 10 | B75: Gün ərzində qaytarılmış kreditlər | C75: ='Daily-Report'!L74 -> 0 | D75: ='Daily-Report'!C74 -> 0 | E75: =IFERROR((D75-C75)/C75*100%,0) -> 0 | F75: =D75-C75 -> 0
A76: 11 | B76: Vaxtı keçmiş kreditlər (30+) | C76: ='Daily-Report'!L75 -> 0 | D76: ='Daily-Report'!C75 -> 0 | E76: =IFERROR((D76-C76)/C76*100%,0) -> 0 | F76: =D76-C76 -> 0
A77: 12 | B77: O cümlədən qeyri-işlək kreditlər (90+) | C77: ='Daily-Report'!L76 -> 0 | D77: ='Daily-Report'!C76 -> 0 | E77: =IFERROR((D77-C77)/C77*100%,0) -> 0 | F77: =D77-C77 -> 0
A78: 13 | B78: Likvid aktivlər/cari öhdəliklər | C78: ='Daily-Report'!L77 -> 0 | D78: ='Daily-Report'!C77 -> 0 | E78: =IFERROR((D78-C78)/C78*100%,0) -> 0 | F78: =D78-C78 -> 0
A79: 14 | B79: Likvid aktivlər/cəmi aktivlər | C79: ='Daily-Report'!L79 -> 0 | D79: ='Daily-Report'!C79 -> 0 | E79: =IFERROR((D79-C79)/C79*100%,0) -> 0 | F79: =D79-C79 -> 0
A80: 15 | B80: Gün ərzində verilmiş istehlak kreditləri | C80: ='Daily-Report'!L80 -> 0 | D80: ='Daily-Report'!C80 -> 0 | E80: =IFERROR((D80-C80)/C80*100%,0) -> 0 | F80: =D80-C80 -> 0
A81: 16 | B81: Biznes kreditləri ( günün sonuna qalığı) | C81: ='Daily-Report'!L81 -> 0 | D81: ='Daily-Report'!C81 -> 0 | E81: =IFERROR((D81-C81)/C81*100%,0) -> 0 | F81: =D81-C81 -> 0
A82: 17 | B82: İstehlak kreditləri (günün sonuna qalığı) | C82: ='Daily-Report'!L82 -> 0 | D82: ='Daily-Report'!C82 -> 0 | E82: =IFERROR((D82-C82)/C82*100%,0) -> 0 | F82: =D82-C82 -> 0
A83: 18 | B83: o cümlədən ipoteka kreditləri (günün sonuna qalığı) | C83: ='Daily-Report'!L83 -> 0 | D83: ='Daily-Report'!C83 -> 0 | E83: =IFERROR((D83-C83)/C83*100%,0) -> 0 | F83: =D83-C83 -> 0
A84: Qeyd 1 | B84: Gün ərzində cəmi verilmiş kreditləri və Gün ərzində verilmiş istehlak kreditlərini hesablayarkən restrukturizasiya olunmuş, uzadılmış kreditlər nəzərə alınmamalıdır, sırf yeni verilmiş kreditlər nəzərə alınır. İstifadə olunmuş kredit xəttləri nəzərə alınmalıdır.
A86: Qeyd 2 | B86: Likvid aktivlərin hesablanmasında prudensial hesabatdakı M5 yanaşması, cari öhdəliklərin hesablanmasında prudensialdakı M6 yanaşması nəzərə alınmalıdır.
B90: Biznes kreditləri ( günün sonuna qalığı ) | C90: ='Daily-Report'!L81 -> 0 | D90: ='Daily-Report'!C81 -> 0
B91: İstehlak kreditləri (günün sonuna qalığı) | C91: ='Daily-Report'!L82 -> 0 | D91: ='Daily-Report'!C82 -> 0
B92: o cümlədən ipoteka kreditləri (günün sonuna qalığı ) | C92: ='Daily-Report'!L83 -> 0 | D92: ='Daily-Report'!C83 -> 0

Sheet Sheet2
L1: min manatla
A2: N | B2: Bankın adı | C2: Aktivlərdə xalis dəyişmə | D2: Aktivlərdə xalis dəyişmə,%-lə | E2: Likvid aktivlər/cari öhdəliklər, %-lə | F2: Likvid aktivlər/cəmi aktivlər,%-lə | G2: KP-nin əsas məbləği üzrə məqsədli ehtiyatlarda dəyişmə, %-lə | H2: Gün ərzində fiziki şəxslərin müddətli əmanətlərində xalis dəyişmə,% | I2: Cari ilin mənfəətində (zərərində) dəyişmə | J2: Balans kapitalında xalis dəyişmə,%-lə | K2: Gün ərzində verilmiş kreditlər,cəmi | L2: Gün ərzində verilmiş istehlak kreditləri
A3: 1 | B3: BANKIN ADI | C3: =Daily!F28 -> 0 | D3: =Daily!E28 -> 0 | E3: =Daily!D78 -> 0 | F3: =Daily!D79 -> 0 | G3: =Daily!E20 -> 0 | H3: =Daily!E35 -> 0 | I3: =Daily!E45 -> 0 | J3: =Daily!E44 -> 0 | K3: =Daily!D74 -> #REF! | L3: =Daily!D80 -> 0

Sheet Daily-Report
A1: AKTİV VƏ PASSİVLƏRİN VALYUTA STRUKTURU
A2: Bank Melli İran Bakı filialı
A3: Tarix:31-01-2025 | J3: Tarix :30-01-2025 | S3: =A3 -> Tarix: 22/01/2024 | U3: - | W3: =J3 -> Tarix :30-01-2025
A4: I Hissə – Balans hesabatı - valyuta stukturu (min manatla) | J4: I Hissə – Balans hesabatı - valyuta stukturu (min manatla) | S4: FƏRQ
A5: AKTİVLƏR | C5: CƏMİ | D5: MANAT | E5: USD | F5: EURO | G5: RUBL | H5: DİGƏR | J5: AKTİVLƏR | L5: CƏMİ | M5: MANAT | N5: USD | O5: EURO | P5: RUBL | Q5: DİGƏR | S5: CƏMİ | T5: MANAT | U5: USD | V5: EURO | W5: RUBL | X5: DİGƏR
A6: 1 | B6: Nağd vəsaitlər | C6: =D6+E6+F6+G6+H6 -> 3208.3558 | D6: 396.65163 | E6: 1833.4415 | F6: 978.26269 | G6: 0 | H6: 0 | J6: 1 | K6: Nağd vəsaitlər | L6: =M6+N6+O6+P6+Q6 -> 3209.2666 | M6: 428.57617 | N6: 1822.5173 | O6: 958.17315 | P6: 0 | Q6: 0 | S6: =C6-L6 -> -0.9108 | T6: =D6-M6 -> -31.92454 | U6: =E6-N6 -> 10.9242 | V6: =F6-O6 -> 20.08954 | W6: =G6-P6 -> 0 | X6: =H6-Q6 -> 0 | Y6: bax: səhifə | Z6: 1 Nağd vəsaitlər
A7: 2 | B7: Müxbir hesablar | C7: =C8+C10+C12 -> 35219.23 | D7: =D8+D10+D12 -> 3922.9083 | E7: =E8+E10+E12 -> 948.3841 | F7: =F8+F10+F12 -> 30346.957 | G7: =G8+G10+G12 -> 0.00834 | H7: =H8+H10+H12 -> 0.97208 | J7: 2 | K7: Müxbir hesablar | L7: =L8+L10+L12 -> 35741.38 | M7: =M8+M10+M12 -> 4353.9907 | N7: =N8+N10+N12 -> 948.3841 | O7: =O8+O10+O12 -> 30438.038 | P7: =P8+P10+P12 -> 0.00827 | Q7: =Q8+Q10+Q12 -> 0.95923 | S7: =C7-L7 -> -522.14981 | T7: =D7-M7 -> -431.08234 | U7: =E7-N7 -> 0 | V7: =F7-O7 -> -91.08039 | W7: =G7-P7 -> 7e-05 | X7: =H7-Q7 -> 0.01285
A8: 2a | B8: AMB | C8: =D8+E8+F8+G8+H8 -> 35194.708 | D8: 3922.9083 | E8: 948.3841 | F8: 30323.416 | G8: 0 | H8: 0 | J8: 2a | K8: AMB | L8: =M8+N8+O8+P8+Q8 -> 35716.801 | M8: 4353.9907 | N8: 948.3841 | O8: 30414.426 | P8: 0 | Q8: 0 | S8: =C8-L8 -> -522.09209 | T8: =D8-M8 -> -431.08234 | U8: =E8-N8 -> 0 | V8: =F8-O8 -> -91.00975 | W8: =G8-P8 -> 0 | X8: =H8-Q8 -> 0 | Y8: bax: səhifə | Z8: 2a AMB
A9: 2a.1 | B9: o cümlədən blokda olan vəsaitlər | C9: =D9+E9+F9+G9+H9 -> 0.61156 | D9: 0.61156 | E9: 0 | F9: 0 | J9: 2a.1 | K9: o cümlədən blokda olan vəsaitlər | L9: =M9+N9+O9+P9+Q9 -> 0.61156 | M9: 0.61156 | N9: 0 | O9: 0 | S9: =C9-L9 -> 0 | T9: =D9-M9 -> 0 | U9: =E9-N9 -> 0 | V9: =F9-O9 -> 0 | W9: =G9-P9 -> 0 | X9: =H9-Q9 -> 0
A10: 2b | B10: Rezident banklarda müxbir hesablar (xalis) | C10: =D10+E10+F10+G10+H10 -> 0 | D10: 0 | E10: 0 | F10: 0 | G10: 0 | H10: 0 | J10: 2b | K10: Rezident banklarda müxbir hesablar (xalis) | L10: =M10+N10+O10+P10+Q10 -> 0 | M10: 0 | N10: 0 | O10: 0 | P10: 0 | Q10: 0 | S10: =C10-L10 -> 0 | T10: =D10-M10 -> 0 | U10: =E10-N10 -> 0 | V10: =F10-O10 -> 0 | W10: =G10-P10 -> 0 | X10: =H10-Q10 -> 0 | Y10: bax: səhifə | Z10: 2b Rez. banklarda muxbir
A11: 2b.1 | B11: o cümlədən blokda olan vəsaitlər | C11: =D11+E11+F11+G11+H11 -> 0 | J11: 2b.1 | K11: o cümlədən blokda olan vəsaitlər | L11: =M11+N11+O11+P11+Q11 -> 0 | S11: =C11-L11 -> 0 | T11: =D11-M11 -> 0 | U11: =E11-N11 -> 0 | V11: =F11-O11 -> 0 | W11: =G11-P11 -> 0 | X11: =H11-Q11 -> 0
A12: 2c | B12: Qeyri-rezident banklarda müxbir hesablar (xalis) | C12: =D12+E12+F12+G12+H12 -> 24.52177 | D12: 0 | E12: 0 | F12: 23.54135 | G12: 0.00834 | H12: 0.97208 | J12: 2c | K12: Qeyri-rezident banklarda müxbir hesablar (xalis) | L12: =M12+N12+O12+P12+Q12 -> 24.57949 | M12: 0 | N12: 0 | O12: 23.61199 | P12: 0.00827 | Q12: 0.95923 | S12: =C12-L12 -> -0.05772 | T12: =D12-M12 -> 0 | U12: =E12-N12 -> 0 | V12: =F12-O12 -> -0.07064 | W12: =G12-P12 -> 7e-05 | X12: =H12-Q12 -> 0.01285 | Y12: bax: səhifə | Z12: 2c Qeyri Rez.banklarda muxbir
A13: 2c.1 | B13: o cümlədən blokda olan vəsaitlər | C13: =D13+E13+F13+G13+H13 -> 0 | J13: 2c.1 | K13: o cümlədən blokda olan vəsaitlər | L13: =M13+N13+O13+P13+Q13 -> 0 | S13: =C13-L13 -> 0 | T13: =D13-M13 -> 0 | U13: =E13-N13 -> 0 | V13: =F13-O13 -> 0 | W13: =G13-P13 -> 0 | X13: =H13-Q13 -> 0
A14: 3 | B14: Qiymətli kağızlar (xalis) | C14: =D14+E14+F14+G14+H14 -> 32840.046 | D14: 32840.046 | E14: 0 | F14: 0 | G14: 0 | H14: 0 | J14: 3 | K14: Qiymətli kağızlar (xalis) | L14: =M14+N14+O14+P14+Q14 -> 32840.046 | M14: 32840.046 | N14: 0 | O14: 0 | P14: 0 | Q14: 0 | S14: =C14-L14 -> 0 | T14: =D14-M14 -> 0 | U14: =E14-N14 -> 0 | V14: =F14-O14 -> 0 | W14: =G14-P14 -> 0 | X14: =H14-Q14 -> 0 | Y14: bax: səhifə | Z14: 3 Qiymətli kağızlar
A15: 4 | B15: Banklara depozitlər və kreditlər (xalis) | C15: =D15+E15+F15+G15+H15 -> 0 | D15: 0 | E15: 0 | F15: 0 | G15: 0 | H15: 0 | J15: 4 | K15: Banklara depozitlər və kreditlər (xalis) | L15: =M15+N15+O15+P15+Q15 -> 0 | M15: 0 | N15: 0 | O15: 0 | P15: 0 | Q15: 0 | S15: =C15-L15 -> 0 | T15: =D15-M15 -> 0 | U15: =E15-N15 -> 0 | V15: =F15-O15 -> 0 | W15: =G15-P15 -> 0 | X15: =H15-Q15 -> 0 | Y15: bax: səhifə | Z15: 4 banklara dep ve kreditler
A16: 4a | B16: Banklara depozitlər və kreditlər üzrə məqsədli ehtiyatlar | C16: =D16+E16+F16+G16+H16 -> -5379.799 | D16: -5379.799 | E16: 0 | F16: 0 | G16: 0 | H16: 0 | J16: 4a | K16: Banklara depozitlər və kreditlər üzrə məqsədli ehtiyatlar | L16: =M16+N16+O16+P16+Q16 -> -5379.799 | M16: -5379.799 | N16: 0 | O16: 0 | P16: 0 | Q16: 0 | S16: =C16-L16 -> 0 | T16: =D16-M16 -> 0 | U16: =E16-N16 -> 0 | V16: =F16-O16 -> 0 | W16: =G16-P16 -> 0 | X16: =H16-Q16 -> 0
A17: 5 | B17: Maliyyə institutlarına depozitlər və kreditlər (xalis) | C17: =D17+E17+F17+G17+H17 -> 0 | D17: 0 | E17: 0 | F17: 0 | G17: 0 | H17: 0 | J17: 5 | K17: Maliyyə institutlarına depozitlər və kreditlər (xalis) | L17: =M17+N17+O17+P17+Q17 -> 0 | M17: 0 | N17: 0 | O17: 0 | P17: 0 | Q17: 0 | S17: =C17-L17 -> 0 | T17: =D17-M17 -> 0 | U17: =E17-N17 -> 0 | V17: =F17-O17 -> 0 | W17: =G17-P17 -> 0 | X17: =H17-Q17 -> 0 | Y17: bax: səhifə | Z17: 5 Mal.inst dep ve kreditler
A18: 5a | B18: Maliyyə institutlarına depozitlər və kreditlər üzrə məqsədli ehtiyatlar | C18: =D18+E18+F18+G18+H18 -> 0 | J18: 5a | K18: Maliyyə institutlarına depozitlər və kreditlər üzrə məqsədli ehtiyatlar | L18: =M18+N18+O18+P18+Q18 -> 0 | S18: =C18-L18 -> 0 | T18: =D18-M18 -> 0 | U18: =E18-N18 -> 0 | V18: =F18-O18 -> 0 | W18: =G18-P18 -> 0 | X18: =H18-Q18 -> 0
A19: 6 | B19: Müştərilərə verilən kreditlər və lizinqlər | C19: =D19+E19+F19+G19+H19 -> 3031.9985 | D19: 3031.9985 | E19: 0 | F19: 0 | G19: 0 | H19: 0 | J19: 6 | K19: Müştərilərə verilən kreditlər və lizinqlər | L19: =M19+N19+O19+P19+Q19 -> 3037.6954 | M19: 3037.6954 | N19: 0 | O19: 0 | P19: 0 | Q19: 0 | S19: =C19-L19 -> -5.69695 | T19: =D19-M19 -> -5.69695 | U19: =E19-N19 -> 0 | V19: =F19-O19 -> 0 | W19: =G19-P19 -> 0 | X19: =H19-Q19 -> 0 | Y19: bax: səhifə | Z19: 6.Musterilere verilen kreditler
A20: 6a | B20: Kreditlər üzrə məqsədli ehtiyatlar | C20: =D20+E20+F20+G20+H20 -> -1530.8083 | D20: -1530.8083 | E20: 0 | F20: 0 | G20: 0 | H20: 0 | J20: 6a | K20: Kreditlər üzrə məqsədli ehtiyatlar | L20: =M20+N20+O20+P20+Q20 -> -1534.5025 | M20: -1534.5025 | N20: 0 | O20: 0 | P20: 0 | Q20: 0 | S20: =C20-L20 -> 3.69418 | T20: =D20-M20 -> 3.69418 | U20: =E20-N20 -> 0 | V20: =F20-O20 -> 0 | W20: =G20-P20 -> 0 | X20: =H20-Q20 -> 0
A21: 6b | B21: Müştərilərə verilən kreditlər (xalis) | C21: =D21+E21+F21+G21+H21 -> 1501.1902 | D21: 1501.1902 | E21: 0 | F21: 0 | G21: 0 | H21: 0 | J21: 6b | K21: Müştərilərə verilən kreditlər (xalis) | L21: =M21+N21+O21+P21+Q21 -> 1503.193 | M21: 1503.193 | N21: 0 | O21: 0 | P21: 0 | Q21: 0 | S21: =C21-L21 -> -2.00277 | T21: =D21-M21 -> -2.00277 | U21: =E21-N21 -> 0 | V21: =F21-O21 -> 0 | W21: =G21-P21 -> 0 | X21: =H21-Q21 -> 0
A22: 7 | B22: Amortizasiya çıxılmaqla əsas vəsaitlər (bank işində istifadə olunmayan əsas vəsaitlər daxil olmaqla) | C22: =D22+E22+F22+G22+H22 -> 4877.0067 | D22: 4877.0067 | E22: 0 | F22: 0 | G22: 0 | H22: 0 | J22: 7 | K22: Amortizasiya çıxılmaqla əsas vəsaitlər (bank işində istifadə olunmayan əsas vəsaitlər daxil olmaqla) | L22: =M22+N22+O22+P22+Q22 -> 4877.0067 | M22: 4877.0067 | N22: 0 | O22: 0 | P22: 0 | Q22: 0 | S22: =C22-L22 -> 0 | T22: =D22-M22 -> 0 | U22: =E22-N22 -> 0 | V22: =F22-O22 -> 0 | W22: =G22-P22 -> 0 | X22: =H22-Q22 -> 0
A23: 8 | B23: İnvestisiyalar və maliyyə iştirakı (xalis) | C23: =D23+E23+F23+G23+H23 -> 0 | J23: 8 | K23: İnvestisiyalar və maliyyə iştirakı (xalis) | L23: =M23+N23+O23+P23+Q23 -> 0 | S23: =C23-L23 -> 0 | T23: =D23-M23 -> 0 | U23: =E23-N23 -> 0 | V23: =F23-O23 -> 0 | W23: =G23-P23 -> 0 | X23: =H23-Q23 -> 0
A24: 9 | B24: Digər aktivlər (xalis) | C24: =D24+E24+F24+G24+H24 -> 41875.608 | D24: 41875.608 | E24: 0 | F24: 0 | G24: 0 | H24: 0 | J24: 9 | K24: Digər aktivlər (xalis) | L24: =M24+N24+O24+P24+Q24 -> 41435.774 | M24: 41435.774 | N24: 0 | O24: 0 | P24: 0 | Q24: 0 | S24: =C24-L24 -> 439.83457 | T24: =D24-M24 -> 439.83457 | U24: =E24-N24 -> 0 | V24: =F24-O24 -> 0 | W24: =G24-P24 -> 0 | X24: =H24-Q24 -> 0
A25: 9a | B25: O cümlədən, hesablanmış alınası faizlər (xalis) | C25: =D25+E25+F25+G25+H25 -> 224.21243 | D25: 224.21243 | E25: 0 | F25: 0 | G25: 0 | H25: 0 | J25: 9a | K25: O cümlədən, hesablanmış alınası faizlər (xalis) | L25: =M25+N25+O25+P25+Q25 -> 266.29329 | M25: 266.29329 | N25: 0 | O25: 0 | P25: 0 | Q25: 0 | S25: =C25-L25 -> -42.08086 | T25: =D25-M25 -> -42.08086 | U25: =E25-N25 -> 0 | V25: =F25-O25 -> 0 | W25: =G25-P25 -> 0 | X25: =H25-Q25 -> 0
A26: 9b | B26: hesablanmış alınası faizlər üzrə məqsədli ehtiyatlar | C26: =D26+E26+F26+G26+H26 -> -285.56398 | D26: -285.56398 | E26: 0 | F26: 0 | G26: 0 | H26: 0 | J26: 9b | K26: hesablanmış alınası faizlər üzrə məqsədli ehtiyatlar | L26: =M26+N26+O26+P26+Q26 -> -286.22121 | M26: -286.22121 | N26: 0 | O26: 0 | P26: 0 | Q26: 0 | S26: =C26-L26 -> 0.65723 | T26: =D26-M26 -> 0.65723 | U26: =E26-N26 -> 0 | V26: =F26-O26 -> 0 | W26: =G26-P26 -> 0 | X26: =H26-Q26 -> 0
B27: Digər məqsədli ehtiyatlar (4a,5a,6a,9b bəndləri istisna olmaqla) | C27: =D27+E27+F27+G27+H27 -> -7792.3632 | D27: -7792.3632 | E27: 0 | F27: 0 | G27: 0 | H27: 0 | K27: Digər məqsədli ehtiyatlar (4a,5a,6a,9b bəndləri istisna olmaqla) | L27: =M27+N27+O27+P27+Q27 -> -7792.3632 | M27: -7792.3632 | N27: 0 | O27: 0 | P27: 0 | Q27: 0 | S27: =C27-L27 -> 0 | T27: =D27-M27 -> 0 | U27: =E27-N27 -> 0 | V27: =F27-O27 -> 0 | W27: =G27-P27 -> 0 | X27: =H27-Q27 -> 0
A28: AKTİVLƏR CƏMİ | C28: =C6+C7+C14+C15+C17+C21+C22+C23+C24 -> 119521.44 | D28: =D6+D7+D14+D15+D17+D21+D22+D23+D24 -> 85413.411 | E28: =E6+E7+E14+E15+E17+E21+E22+E23+E24 -> 2781.8256 | F28: =F6+F7+F14+F15+F17+F21+F22+F23+F24 -> 31325.22 | G28: =G6+G7+G14+G15+G17+G21+G22+G23+G24 -> 0.00834 | H28: =H6+H7+H14+H15+H17+H21+H22+H23+H24 -> 0.97208 | J28: AKTİVLƏR CƏMİ | L28: =L6+L7+L14+L15+L17+L21+L22+L23+L24 -> 119606.67 | M28: =M6+M7+M14+M15+M17+M21+M22+M23+M24 -> 85438.586 | N28: =N6+N7+N14+N15+N17+N21+N22+N23+N24 -> 2770.9014 | O28: =O6+O7+O14+O15+O17+O21+O22+O23+O24 -> 31396.211 | P28: =P6+P7+P14+P15+P17+P21+P22+P23+P24 -> 0.00827 | Q28: =Q6+Q7+Q14+Q15+Q17+Q21+Q22+Q23+Q24 -> 0.95923 | S28: =C28-L28 -> -85.22881 | T28: =D28-M28 -> -25.17508 | U28: =E28-N28 -> 10.9242 | V28: =F28-O28 -> -70.99085 | W28: =G28-P28 -> 7e-05 | X28: =H28-Q28 -> 0.01285
A29: PASSİVLƏR | C29: CƏMİ | D29: MANAT | E29: USD | F29: EURO | G29: RUBL | H29: DİGƏR | J29: PASSİVLƏR | L29: CƏMİ | M29: MANAT | N29: USD | O29: EURO | P29: RUBL | Q29: DİGƏR | S29: CƏMİ | T29: MANAT | U29: USD | V29: EURO | W29: RUBL | X29: DİGƏR
A30: 10 | B30: Tələbli depozitləri | C30: =C31+C32 -> 35658.687 | D30: =D31+D32 -> 34761.535 | E30: =E31+E32 -> 641.82868 | F30: =F31+F32 -> 255.32388 | G30: =G31+G32 -> 0 | H30: =H31+H32 -> 0 | J30: 10 | K30: Tələbli depozitləri | L30: =L31+L32 -> 35659.804 | M30: =M31+M32 -> 34761.885 | N30: =N31+N32 -> 641.82868 | O30: =O31+O32 -> 256.09018 | P30: =P31+P32 -> 0 | Q30: =Q31+Q32 -> 0 | S30: =C30-L30 -> -1.11717 | T30: =D30-M30 -> -0.35087 | U30: =E30-N30 -> 0 | V30: =F30-O30 -> -0.7663 | W30: =G30-P30 -> 0 | X30: =H30-Q30 -> 0
A31: 10a | B31: Hüquqi şəxslər | C31: =D31+E31+F31+G31+H31 -> 34967.322 | D31: 34633.238 | E31: 134.0257 | F31: 200.0586 | G31: 0 | H31: 0 | J31: 10a | K31: Hüquqi şəxslər | L31: =M31+N31+O31+P31+Q31 -> 34967.923 | M31: 34633.238 | N31: 134.0257 | O31: 200.65903 | P31: 0 | Q31: 0 | S31: =C31-L31 -> -0.60043 | T31: =D31-M31 -> 0 | U31: =E31-N31 -> 0 | V31: =F31-O31 -> -0.60043 | W31: =G31-P31 -> 0 | X31: =H31-Q31 -> 0 | Y31: bax: səhifə | Z31: 10 telebli ve 11muddetli dep+
A32: 10b | B32: Fiziki şəxslər | C32: =D32+E32+F32+G32+H32 -> 691.36467 | D32: 128.29641 | E32: 507.80298 | F32: 55.26528 | G32: 0 | H32: 0 | J32: 10b | K32: Fiziki şəxslər | L32: =M32+N32+O32+P32+Q32 -> 691.88141 | M32: 128.64728 | N32: 507.80298 | O32: 55.43115 | P32: 0 | Q32: 0 | S32: =C32-L32 -> -0.51674 | T32: =D32-M32 -> -0.35087 | U32: =E32-N32 -> 0 | V32: =F32-O32 -> -0.16587 | W32: =G32-P32 -> 0 | X32: =H32-Q32 -> 0 | Y32: bax: səhifə | Z32: 10 telebli ve 11muddetli dep+
A33: 11 | B33: Müddətli depozitləri | C33: =D33+E33+F33+G33+H33 -> 0 | D33: =D34+D35 -> 0 | E33: =E34+E35 -> 0 | F33: =F34+F35 -> 0 | G33: =G34+G35 -> 0 | H33: =H34+H35 -> 0 | J33: 11 | K33: Müddətli depozitləri | L33: =M33+N33+O33+P33+Q33 -> 0 | M33: =M34+M35 -> 0 | N33: =N34+N35 -> 0 | O33: =O34+O35 -> 0 | P33: =P34+P35 -> 0 | Q33: =Q34+Q35 -> 0 | S33: =C33-L33 -> 0 | T33: =D33-M33 -> 0 | U33: =E33-N33 -> 0 | V33: =F33-O33 -> 0 | W33: =G33-P33 -> 0 | X33: =H33-Q33 -> 0
A34: 11a | B34: Hüquqi şəxslər | C34: =D34+E34+F34+G34+H34 -> 0 | J34: 11a | K34: Hüquqi şəxslər | L34: =M34+N34+O34+P34+Q34 -> 0 | S34: =C34-L34 -> 0 | T34: =D34-M34 -> 0 | U34: =E34-N34 -> 0 | V34: =F34-O34 -> 0 | W34: =G34-P34 -> 0 | X34: =H34-Q34 -> 0 | Y34: bax: səhifə | Z34: 10 telebli ve 11muddetli dep+
A35: 11b | B35: Fiziki şəxslər | C35: =D35+E35+F35+G35+H35 -> 0 | D35: 0 | E35: 0 | F35: 0 | G35: 0 | H35: 0 | J35: 11b | K35: Fiziki şəxslər | L35: =M35+N35+O35+P35+Q35 -> 0 | M35: 0 | N35: 0 | O35: 0 | P35: 0 | Q35: 0 | S35: =C35-L35 -> 0 | T35: =D35-M35 -> 0 | U35: =E35-N35 -> 0 | V35: =F35-O35 -> 0 | W35: =G35-P35 -> 0 | X35: =H35-Q35 -> 0 | Y35: bax: səhifə | Z35: 10 telebli ve 11muddetli dep+
A36: 12 | B36: AMB-nin banka qarşı tələbi | C36: =D36+E36+F36+G36+H36 -> 0 | D36: 0 | E36: 0 | F36: 0 | G36: 0 | H36: 0 | J36: 12 | K36: AMB-nin banka qarşı tələbi | L36: =M36+N36+O36+P36+Q36 -> 0 | M36: 0 | N36: 0 | O36: 0 | P36: 0 | Q36: 0 | S36: =C36-L36 -> 0 | T36: =D36-M36 -> 0 | U36: =E36-N36 -> 0 | V36: =F36-O36 -> 0 | W36: =G36-P36 -> 0 | X36: =H36-Q36 -> 0
A37: 13 | B37: Bankların tələbləri (Loro) | C37: =D37+E37+F37+G37+H37 -> 16439.806 | D37: 0 | E37: 2997.2193 | F37: 13442.587 | G37: 0 | H37: 0 | J37: 13 | K37: Bankların tələbləri (Loro) | L37: =M37+N37+O37+P37+Q37 -> 16480.151 | M37: 0 | N37: 2997.2193 | O37: 13482.932 | P37: 0 | Q37: 0 | S37: =C37-L37 -> -40.34526 | T37: =D37-M37 -> 0 | U37: =E37-N37 -> 0 | V37: =F37-O37 -> -40.34526 | W37: =G37-P37 -> 0 | X37: =H37-Q37 -> 0 | Y37: bax: səhifə | Z37: 13 banklarin telebleri loro
A38: 14 | B38: Maliyyə sektoru institutlarından cəlb edilən vəsaitlər | C38: =D38+E38+F38+G38+H38 -> 15893.1 | D38: =D39+D40 -> 0 | E38: =E39+E40 -> 0 | F38: =F39+F40 -> 15893.1 | G38: =G39+G40 -> 0 | H38: =H39+H40 -> 0 | J38: 14 | K38: Maliyyə sektoru institutlarından cəlb edilən vəsaitlər | L38: =M38+N38+O38+P38+Q38 -> 15940.8 | M38: =M39+M40 -> 0 | N38: =N39+N40 -> 0 | O38: =O39+O40 -> 15940.8 | P38: =P39+P40 -> 0 | Q38: =Q39+Q40 -> 0 | S38: =C38-L38 -> -47.7 | T38: =D38-M38 -> 0 | U38: =E38-N38 -> 0 | V38: =F38-O38 -> -47.7 | W38: =G38-P38 -> 0 | X38: =H38-Q38 -> 0
A39: 14a | B39: Bankların depozitləri və kreditləri | C39: =D39+E39+F39+G39+H39 -> 15893.1 | D39: 0 | E39: 0 | F39: 15893.1 | G39: 0 | H39: 0 | J39: 14a | K39: Bankların depozitləri və kreditləri | L39: =M39+N39+O39+P39+Q39 -> 15940.8 | M39: 0 | N39: 0 | O39: 15940.8 | P39: 0 | Q39: 0 | S39: =C39-L39 -> -47.7 | T39: =D39-M39 -> 0 | U39: =E39-N39 -> 0 | V39: =F39-O39 -> -47.7 | W39: =G39-P39 -> 0 | X39: =H39-Q39 -> 0
A40: 14c | B40: Maliyyə institutlarının depozitləri və kreditləri | C40: =D40+E40+F40+G40+H40 -> 0 | J40: 14c | K40: Maliyyə institutlarının depozitləri və kreditləri | L40: =M40+N40+O40+P40+Q40 -> 0 | S40: =C40-L40 -> 0 | T40: =D40-M40 -> 0 | U40: =E40-N40 -> 0 | V40: =F40-O40 -> 0 | W40: =G40-P40 -> 0 | X40: =H40-Q40 -> 0 | Y40: bax: səhifə | Z40: 14 mal.inst celb edilen vesait+
A41: 15 | B41: Digər öhdəliklər | C41: =D41+E41+F41+G41+H41 -> 1777.795 | D41: 1725.5266 | E41: 3.23 | F41: 49.03846 | G41: 0 | H41: 0 | J41: 15 | K41: Digər öhdəliklər | L41: =M41+N41+O41+P41+Q41 -> 1777.3522 | M41: 1724.9366 | N41: 3.23 | O41: 49.18564 | P41: 0 | Q41: 0 | S41: =C41-L41 -> 0.44282 | T41: =D41-M41 -> 0.59 | U41: =E41-N41 -> 0 | V41: =F41-O41 -> -0.14718 | W41: =G41-P41 -> 0 | X41: =H41-Q41 -> 0 | Y41: REPO EMELIYYATI
A42: 15a | B42: O cümlədən, hesablanmış ödəniləsi faizlər | C42: =D42+E42+F42+G42+H42 -> 0 | D42: 0 | E42: 0 | F42: 0 | G42: 0 | H42: 0 | J42: 15a | K42: O cümlədən, hesablanmış ödəniləsi faizlər | L42: =M42+N42+O42+P42+Q42 -> 0 | M42: 0 | N42: 0 | O42: 0 | P42: 0 | Q42: 0 | S42: =C42-L42 -> 0 | T42: =D42-M42 -> 0 | U42: =E42-N42 -> 0 | V42: =F42-O42 -> 0 | W42: =G42-P42 -> 0 | X42: =H42-Q42 -> 0
A43: PASSİVLƏR CƏMİ | C43: =C30+C33+C36+C37+C38+C41 -> 69769.388 | D43: =D30+D33+D36+D37+D38+D41 -> 36487.061 | E43: =E30+E33+E36+E37+E38+E41 -> 3642.278 | F43: =F30+F33+F36+F37+F38+F41 -> 29640.049 | G43: =G30+G33+G36+G37+G38+G41 -> 0 | H43: =H30+H33+H36+H37+H38+H41 -> 0 | J43: PASSİVLƏR CƏMİ | L43: =L30+L33+L36+L37+L38+L41 -> 69858.108 | M43: =M30+M33+M36+M37+M38+M41 -> 36486.822 | N43: =N30+N33+N36+N37+N38+N41 -> 3642.278 | O43: =O30+O33+O36+O37+O38+O41 -> 29729.008 | P43: =P30+P33+P36+P37+P38+P41 -> 0 | Q43: =Q30+Q33+Q36+Q37+Q38+Q41 -> 0 | S43: =C43-L43 -> -88.71961 | T43: =D43-M43 -> 0.23913 | U43: =E43-N43 -> 0 | V43: =F43-O43 -> -88.95874 | W43: =G43-P43 -> 0 | X43: =H43-Q43 -> 0
A44: 16 | B44: Balans kapital | C44: =D44+E44+F44+G44+H44 -> 49732.223 | D44: 49732.221 | E44: 0 | F44: 0 | G44: 0.00208 | H44: 0 | J44: 16 | K44: Balans kapital | L44: =M44+N44+O44+P44+Q44 -> 49728.732 | M44: 49728.73 | N44: 0 | O44: 0 | P44: 0.00207 | Q44: 0 | S44: =C44-L44 -> 3.4908 | T44: =D44-M44 -> 3.49079 | U44: =E44-N44 -> 0 | V44: =F44-O44 -> 0 | W44: =G44-P44 -> 1e-05 | X44: =H44-Q44 -> 0
A45: 17 | B45: O cümlədən, cari ilin xalis mənfəəti | C45: =D45+E45+F45+G45+H45 -> 770.77288 | D45: 770.77288 | E45: 0 | F45: 0 | G45: 0 | H45: 0 | J45: 17 | K45: O cümlədən, cari ilin xalis mənfəəti | L45: =M45+N45+O45+P45+Q45 -> 767.62407 | M45: 767.62407 | N45: 0 | O45: 0 | P45: 0 | Q45: 0 | S45: =C45-L45 -> 3.14881 | T45: =D45-M45 -> 3.14881 | U45: =E45-N45 -> 0 | V45: =F45-O45 -> 0 | W45: =G45-P45 -> 0 | X45: =H45-Q45 -> 0
A46: ÖHDƏLİKLƏR VƏ KAPİTALIN cəmi | C46: =C43+C44 -> 119501.61 | D46: =D44+D43 -> 86219.282 | E46: =E44+E43 -> 3642.278 | F46: =F44+F43 -> 29640.049 | G46: =G44+G43 -> 0.00208 | H46: =H44+H43 -> 0 | J46: ÖHDƏLİKLƏR VƏ KAPİTALIN cəmi | L46: =L43+L44 -> 119586.84 | M46: =M44+M43 -> 86215.552 | N46: =N44+N43 -> 3642.278 | O46: =O44+O43 -> 29729.008 | P46: =P44+P43 -> 0.00207 | Q46: =Q44+Q43 -> 0 | S46: =C46-L46 -> -85.22881 | T46: =D46-M46 -> 3.72992 | U46: =E46-N46 -> 0 | V46: =F46-O46 -> -88.95874 | W46: =G46-P46 -> 1e-05 | X46: =H46-Q46 -> 0
C47: =C28-C46 -> 19.82534 | L47: =L28-L46 -> 19.82534
A48: II Hissə – Balansdankənar hesabat - valyuta stukturu (min manatla) | J48: II Hissə – Balansdankənar hesabat - valyuta stukturu (min manatla)
A49: BALANSARXASI ÖHDƏLİKLƏR | C49: CƏMİ | D49: MANAT | E49: USD | F49: EURO | G49: RUBL | H49: DİGƏR | J49: BALANSARXASI ÖHDƏLİKLƏR | L49: CƏMİ | M49: MANAT | N49: USD | O49: EURO | P49: RUBL | Q49: DİGƏR | S49: CƏMİ | T49: MANAT | U49: USD | V49: EURO | W49: RUBL | X49: DİGƏR
A50: 1 | B50: Qarantiyalar | C50: =D50+E50+F50+G50+H50 -> 0 | D50: 0 | E50: 0 | F50: 0 | G50: 0 | H50: 0 | J50: 1 | K50: Qarantiyalar | L50: =M50+N50+O50+P50+Q50 -> 0 | M50: 0 | N50: 0 | O50: 0 | R50: 0 | S50: =C50-L50 -> 0 | T50: =D50-M50 -> 0 | U50: =E50-N50 -> 0 | V50: =F50-O50 -> 0 | W50: =G50-P50 -> 0 | X50: =H50-Q50 -> 0
A51: 2 | B51: Kredit xətləri | C51: =D51+E51+F51+G51+H51 -> 0 | D51: 0 | E51: 0 | F51: 0 | G51: 0 | H51: 0 | J51: 2 | K51: Kredit xətləri | L51: =M51+N51+O51+P51+Q51 -> 0 | M51: 0 | N51: 0 | O51: 0 | P51: 0 | Q51: 0 | R51: 0 | S51: =C51-L51 -> 0 | T51: =D51-M51 -> 0 | U51: =E51-N51 -> 0 | V51: =F51-O51 -> 0 | W51: =G51-P51 -> 0 | X51: =H51-Q51 -> 0
A52: 3 | B52: Akkreditivlər | C52: =D52+E52+F52+G52+H52 -> 0 | J52: 3 | K52: Akkreditivlər | L52: =M52+N52+O52+P52+Q52 -> 0 | R52: 0 | S52: =C52-L52 -> 0 | T52: =D52-M52 -> 0 | U52: =E52-N52 -> 0 | V52: =F52-O52 -> 0 | W52: =G52-P52 -> 0 | X52: =H52-Q52 -> 0
A53: 4 | B53: Forvard | C53: =D53+E53+F53+G53+H53 -> 0 | J53: 4 | K53: Forvard | L53: =M53+N53+O53+P53+Q53 -> 0 | R53: 0 | S53: =C53-L53 -> 0 | T53: =D53-M53 -> 0 | U53: =E53-N53 -> 0 | V53: =F53-O53 -> 0 | W53: =G53-P53 -> 0 | X53: =H53-Q53 -> 0
A54: 5 | B54: Fyuçers | C54: =D54+E54+F54+G54+H54 -> 0 | J54: 5 | K54: Fyuçers | L54: =M54+N54+O54+P54+Q54 -> 0 | R54: 0 | S54: =C54-L54 -> 0 | T54: =D54-M54 -> 0 | U54: =E54-N54 -> 0 | V54: =F54-O54 -> 0 | W54: =G54-P54 -> 0 | X54: =H54-Q54 -> 0
A55: 6 | B55: Svop | C55: =D55+E55+F55+G55+H55 -> 0 | J55: 6 | K55: Svop | L55: =M55+N55+O55+P55+Q55 -> 0 | R55: 0 | S55: =C55-L55 -> 0 | T55: =D55-M55 -> 0 | U55: =E55-N55 -> 0 | V55: =F55-O55 -> 0 | W55: =G55-P55 -> 0 | X55: =H55-Q55 -> 0
A56: 7 | B56: Digər balansarxası öhdəliklər | C56: =D56+E56+F56+G56+H56 -> 0 | D56: 0 | E56: 0 | F56: 0 | G56: 0 | H56: 0 | J56: 7 | K56: Digər balansarxası öhdəliklər | L56: =M56+N56+O56+P56+Q56 -> 0 | M56: 0 | N56: 0 | O56: 0 | P56: 0 | Q56: 0 | R56: 0 | S56: =C56-L56 -> 0 | T56: =D56-M56 -> 0 | U56: =E56-N56 -> 0 | V56: =F56-O56 -> 0 | W56: =G56-P56 -> 0 | X56: =H56-Q56 -> 0
A57: BALANSARXASI ÖHDƏLİKLƏR CƏMİ | B57: CƏMİ | C57: =C50+C51+C52+C53+C54+C55+C56 -> 0 | D57: =D50+D51+D52+D53+D54+D55+D56 -> 0 | E57: =E50+E51+E52+E53+E54+E55+E56 -> 0 | F57: =F50+F51+F52+F53+F54+F55+F56 -> 0 | G57: =G50+G51+G52+G53+G54+G55+G56 -> 0 | H57: =H50+H51+H52+H53+H54+H55+H56 -> 0 | J57: BALANSARXASI ÖHDƏLİKLƏR CƏMİ | K57: CƏMİ | L57: =L50+L51+L52+L53+L54+L55+L56 -> 0 | M57: =M50+M51+M52+M53+M54+M55+M56 -> 0 | N57: =N50+N51+N52+N53+N54+N55+N56 -> 0 | O57: =O50+O51+O52+O53+O54+O55+O56 -> 0 | P57: =P50+P51+P52+P53+P54+P55+P56 -> 0 | Q57: =Q50+Q51+Q52+Q53+Q54+Q55+Q56 -> 0 | R57: 0 | S57: =C57-L57 -> 0 | T57: =D57-M57 -> 0 | U57: =E57-N57 -> 0 | V57: =F57-O57 -> 0 | W57: =G57-P57 -> 0 | X57: =H57-Q57 -> 0
A58: BALANSARXASI TƏLƏBLƏR | C58: CƏMİ | D58: MANAT | E58: USD | F58: EURO | G58: RUBL | H58: DİGƏR | J58: BALANSARXASI TƏLƏBLƏR | L58: CƏMİ | M58: MANAT | N58: USD | O58: EURO | P58: RUBL | Q58: DİGƏR | R58: DİGƏR | S58: CƏMİ | T58: MANAT | U58: USD | V58: EURO | W58: RUBL | X58: DİGƏR
A59: 1 | B59: Alınmış kredit xətləri | C59: =D59+E59+F59+G59+H59 -> 0 | J59: 1 | K59: Alınmış kredit xətləri | L59: =M59+N59+O59+P59+Q59 -> 0 | R59: 0 | S59: =C59-L59 -> 0 | T59: =D59-M59 -> 0 | U59: =E59-N59 -> 0 | V59: =F59-O59 -> 0 | W59: =G59-P59 -> 0 | X59: =H59-Q59 -> 0
A60: 3 | B60: Forvard | C60: =D60+E60+F60+G60+H60 -> 0 | J60: 3 | K60: Forvard | L60: =M60+N60+O60+P60+Q60 -> 0 | R60: 0 | S60: =C60-L60 -> 0 | T60: =D60-M60 -> 0 | U60: =E60-N60 -> 0 | V60: =F60-O60 -> 0 | W60: =G60-P60 -> 0 | X60: =H60-Q60 -> 0
A61: 4 | B61: Fyuçers | C61: =D61+E61+F61+G61+H61 -> 0 | J61: 4 | K61: Fyuçers | L61: =M61+N61+O61+P61+Q61 -> 0 | R61: 0 | S61: =C61-L61 -> 0 | T61: =D61-M61 -> 0 | U61: =E61-N61 -> 0 | V61: =F61-O61 -> 0 | W61: =G61-P61 -> 0 | X61: =H61-Q61 -> 0
A62: 5 | B62: Svop | C62: =D62+E62+F62+G62+H62 -> 0 | J62: 5 | K62: Svop | L62: =M62+N62+O62+P62+Q62 -> 0 | R62: 0 | S62: =C62-L62 -> 0 | T62: =D62-M62 -> 0 | U62: =E62-N62 -> 0 | V62: =F62-O62 -> 0 | W62: =G62-P62 -> 0 | X62: =H62-Q62 -> 0
A63: 6 | B63: Ümidsiz borclar | C63: =D63+E63+F63+G63+H63 -> 15833.85 | D63: 15313.525 | E63: 46.168073 | F63: 474.15695 | G63: 0 | H63: 0 | J63: 6 | K63: Ümidsiz borclar | L63: =M63+N63+O63+P63+Q63 -> 15835.283 | M63: 15313.535 | N63: 46.168073 | O63: 475.58004 | P63: 0 | Q63: 0 | R63: 0 | S63: =C63-L63 -> -1.4330884 | T63: =D63-M63 -> -0.01 | U63: =E63-N63 -> 0 | V63: =F63-O63 -> -1.4230884 | W63: =G63-P63 -> 0 | X63: =H63-Q63 -> 0
A64: BALANSARXASI TƏLƏBLƏR CƏMİ | B64: CƏMİ | C64: =C59+C60+C61+C62+C63 -> 15833.85 | D64: =D59+D60+D61+D62+D63 -> 15313.525 | E64: =E59+E60+E61+E62+E63 -> 46.168073 | F64: =F59+F60+F61+F62+F63 -> 474.15695 | G64: =G59+G60+G61+G62+G63 -> 0 | H64: =H59+H60+H61+H62+H63 -> 0 | J64: BALANSARXASI TƏLƏBLƏR CƏMİ | K64: CƏMİ | L64: =L59+L60+L61+L62+L63 -> 15835.283 | M64: =M59+M60+M61+M62+M63 -> 15313.535 | N64: =N59+N60+N61+N62+N63 -> 46.168073 | O64: =O59+O60+O61+O62+O63 -> 475.58004 | P64: =P59+P60+P61+P62+P63 -> 0 | Q64: =Q59+Q60+Q61+Q62+Q63 -> 0 | R64: 0 | S64: =C64-L64 -> -1.4330884 | T64: =D64-M64 -> -0.01 | U64: =E64-N64 -> 0 | V64: =F64-O64 -> -1.4230884 | W64: =G64-P64 -> 0 | X64: =H64-Q64 -> 0
A65: Əlavə məlumatlar | B65: CƏMİ | J65: Əlavə məlumatlar | K65: CƏMİ
A66: 1 | B66: Fiziki şəxslərin tələbli depozitlərinə mədaxil | C66: 7.2 | J66: 1 | K66: Fiziki şəxslərin tələbli depozitlərinə mədaxil | L66: 9.5
A67: 2 | B67: Fiziki şəxslərin müddətli depozitlərinə mədaxil | J67: 2 | K67: Fiziki şəxslərin müddətli depozitlərinə mədaxil
A68: 3 | B68: Fiziki şəxslərin tələbli depozitlərindən məxaric | C68: 7.55 | J68: 3 | K68: Fiziki şəxslərin tələbli depozitlərindən məxaric | L68: 9.16
A69: 4 | B69: Fiziki şəxslərin müddətli depozitlərindən məxaric | J69: 4 | K69: Fiziki şəxslərin müddətli depozitlərindən məxaric
A70: 5 | B70: Hüquqi şəxslərin tələbli depozitlərinə mədaxil | C70: 0 | J70: 5 | K70: Hüquqi şəxslərin tələbli depozitlərinə mədaxil | L70: 0
A71: 6 | B71: Hüquqi şəxslərin müddətli depozitlərinə mədaxil | J71: 6 | K71: Hüquqi şəxslərin müddətli depozitlərinə mədaxil
A72: 7 | B72: Hüquqi şəxslərin tələbli depozitlərindən məxaric | C72: 0 | J72: 7 | K72: Hüquqi şəxslərin tələbli depozitlərindən məxaric | L72: 0
A73: 8 | B73: Hüquqi şəxslərin müddətli depozitlərindən məxaric | J73: 8 | K73: Hüquqi şəxslərin müddətli depozitlərindən məxaric
A74: 9 | B74: Gün ərzində cəmi verilmiş kreditlər | C74: 0 | J74: 9 | K74: Gün ərzində cəmi verilmiş kreditlər | L74: 0
A75: 10 | B75: Gün ərzində qaytarılmış kreditlər | C75: 5.7 | J75: 10 | K75: Gün ərzində qaytarılmış kreditlər | L75: 7.12
A76: 11 | B76: Vaxtı keçmiş kreditlər (30+) | C76: 1413.6946 | J76: 11 | K76: Vaxtı keçmiş kreditlər (30+) | L76: 1404.7627
A77: 12 | B77: O cümlədən qeyri-işlək kreditlər (90+) | C77: 1290.9641 | J77: 12 | K77: O cümlədən qeyri-işlək kreditlər (90+) | L77: 1287.9356
A78: 13 | B78: Likvid aktivlər/cari öhdəliklər | C78: 2.0392367 | J78: 13 | K78: Likvid aktivlər/cari öhdəliklər | L78: 2.0381051
A79: 14 | B79: Likvid aktivlər/cəmi aktivlər | C79: 0.91325708 | J79: 14 | K79: Likvid aktivlər/cəmi aktivlər | L79: 0.91279639
A80: 15 | B80: Gün ərzində verilmiş istehlak kreditləri | J80: 15 | K80: Gün ərzində verilmiş istehlak kreditləri
A81: 16 | B81: Biznes kreditləri ( günün sonuna qalığı) | C81: 324.72406 | J81: 16 | K81: Biznes kreditləri ( günün sonuna qalığı) | L81: 324.72406
A82: 17 | B82: İstehlak kreditləri (günün sonuna qalığı) | C82: 2707.2744 | J82: 17 | K82: İstehlak kreditləri (günün sonuna qalığı) | L82: 2712.9714
A83: 18 | B83: o cümlədən ipoteka kreditləri (günün sonuna qalığı) | J83: 18 | K83: o cümlədən ipoteka kreditləri (günün sonuna qalığı)
C1048553: 0 | D1048553: 0 | E1048553: 368.98 | F1048553: 0 | G1048553: 0
C1048554: 198.65102 | D1048554: 0 | E1048554: 0 | F1048554: 0 | G1048554: 0
C1048555: 0 | D1048555: 0 | E1048555: 0 | F1048555: 0 | G1048555: 0
C1048556: 0 | D1048556: 0 | E1048556: 0 | F1048556: 0 | G1048556: 0
C1048557: 0 | D1048557: 0 | E1048557: 0 | F1048557: 0 | G1048557: 0
C1048558: 0 | D1048558: 0 | E1048558: 0 | F1048558: 0 | G1048558: 0
C1048559: 413 | D1048559: 0 | E1048559: 0 | F1048559: 0 | G1048559: 0
C1048560: =C1048553+C1048554+C1048555+C1048556+C1048557+C1048558+C1048559 -> 611.65102 | D1048560: =D1048553+D1048554+D1048555+D1048556+D1048557+D1048558+D1048559 -> 0 | E1048560: =E1048553+E1048554+E1048555+E1048556+E1048557+E1048558+E1048559 -> 368.98 | F1048560: =F1048553+F1048554+F1048555+F1048556+F1048557+F1048558+F1048559 -> 0 | G1048560: =G1048553+G1048554+G1048555+G1048556+G1048557+G1048558+G1048559 -> 0
C1048561: MANAT | D1048561: USD | E1048561: EURO | F1048561: RUBL | G1048561: DİGƏR
C1048562: 0 | D1048562: 0 | E1048562: 0 | F1048562: 0 | G1048562: 0
C1048563: 0 | D1048563: 0 | E1048563: 0 | F1048563: 0 | G1048563: 0
C1048564: 0 | D1048564: 0 | E1048564: 0 | F1048564: 0 | G1048564: 0
C1048565: 0 | D1048565: 0 | E1048565: 0 | F1048565: 0 | G1048565: 0
C1048566: 15322.909 | D1048566: 46.16808 | E1048566: 495.36903 | F1048566: 0 | G1048566: 0

Sheet 1
A1: ='Daily-Report'!A3 -> Tarix: 22/01/2024 | J1: Açıqlamalar aşağıdakı kimidir
A2: AKTİVLƏR | C2: CƏMİ | D2: MANAT | E2: USD | F2: EURO | G2: RUBL | H2: DİGƏR
A3: 1 | B3: Nağd vəsaitlər | C3: =D3+E3+F3+G3+H3 -> 0 | D3: ='Daily-Report'!D6 -> 0 | E3: ='Daily-Report'!E6 -> 0 | F3: ='Daily-Report'!F6 -> 0 | G3: ='Daily-Report'!G6 -> 0 | H3: ='Daily-Report'!H6 -> 0 | J3: Musteri adi | K3: Valyutasi | L3: min AZN ekvivalentinde
A4: ='Daily-Report'!J3 -> Tarix 19/01/2024
A5: AKTİVLƏR | C5: CƏMİ | D5: MANAT | E5: USD | F5: EURO | G5: RUBL | H5: DİGƏR
A6: 1 | B6: Nağd vəsaitlər | C6: =D6+E6+F6+G6+H6 -> 0 | D6: ='Daily-Report'!M6 -> 0 | E6: ='Daily-Report'!N6 -> 0 | F6: ='Daily-Report'!O6 -> 0 | G6: ='Daily-Report'!P6 -> 0 | H6: ='Daily-Report'!Q6 -> 0
A8: FERQ
A9: AKTİVLƏR | C9: CƏMİ | D9: MANAT | E9: USD | F9: EURO | G9: RUBL | H9: DİGƏR
A10: 1 | B10: Nağd vəsaitlər | C10: =D10+E10+F10+G10+H10 -> 0 | D10: =D3-D6 -> 0 | E10: =E3-E6 -> 0 | F10: =F3-F6 -> 0 | G10: =G3-G6 -> 0 | H10: =H3-H6 -> 0
J17: Diger emeliyyatlar (<100k)
J20: Xalis artma (azalma) - AZN equal. | L20: =SUM(L4:L19) -> 0

Sheet 2a
A1: ='Daily-Report'!A3 -> Tarix: 22/01/2024 | J1: Açıqlamalar aşağıdakı kimidir
A2: AKTİVLƏR | C2: CƏMİ | D2: MANAT | E2: USD | F2: EURO | G2: RUBL | H2: DİGƏR
A3: 2a | B3: AMB | C3: =D3+E3+F3+G3+H3 -> 0 | D3: ='Daily-Report'!D8 -> 0 | E3: ='Daily-Report'!E8 -> 0 | F3: ='Daily-Report'!F8 -> 0 | G3: ='Daily-Report'!G8 -> 0 | H3: ='Daily-Report'!H8 -> 0 | J3: Musteri adi | K3: Valyutasi | L3: min AZN ekvivalentinde
A4: ='Daily-Report'!J3 -> Tarix 19/01/2024
A5: AKTİVLƏR | C5: CƏMİ | D5: MANAT | E5: USD | F5: EURO | G5: RUBL | H5: DİGƏR
A6: 2a | B6: AMB | C6: =D6+E6+F6+G6+H6 -> 0 | D6: ='Daily-Report'!M8 -> 0 | E6: ='Daily-Report'!N8 -> 0 | F6: ='Daily-Report'!O8 -> 0 | G6: ='Daily-Report'!P8 -> 0 | H6: ='Daily-Report'!Q8 -> 0
A8: FERQ
A9: AKTİVLƏR | C9: CƏMİ | D9: MANAT | E9: USD | F9: EURO | G9: RUBL | H9: DİGƏR
A10: 2a | B10: AMB | C10: =D10+E10+F10+G10+H10 -> 0 | D10: =D3-D6 -> 0 | E10: =E3-E6 -> 0 | F10: =F3-F6 -> 0 | G10: =G3-G6 -> 0 | H10: =H3-H6 -> 0
J23: Diger emeliyyatlar (<150k)
J28: Xalis artma (azalma) - AZN equal. | L28: =SUM(L4:L27) -> 0

Sheet 2b
A1: ='Daily-Report'!A3 -> Tarix: 22/01/2024 | J1: Açıqlamalar aşağıdakı kimidir
A2: AKTİVLƏR | C2: CƏMİ | D2: MANAT | E2: USD | F2: EURO | G2: RUBL | H2: DİGƏR
A3: 2b | B3: Rezident banklarda müxbir hesablar (xalis) | C3: =D3+E3+F3+G3+H3 -> 0 | D3: ='Daily-Report'!D10 -> 0 | E3: ='Daily-Report'!E10 -> 0 | F3: ='Daily-Report'!F10 -> 0 | G3: ='Daily-Report'!G10 -> 0 | H3: ='Daily-Report'!H10 -> 0 | J3: Musteri adi | K3: Valyutasi | L3: min AZN ekvivalentinde
A4: ='Daily-Report'!J3 -> Tarix 19/01/2024
A5: AKTİVLƏR | C5: CƏMİ | D5: MANAT | E5: USD | F5: EURO | G5: RUBL | H5: DİGƏR
A6: 2b | B6: Rezident banklarda müxbir hesablar (xalis) | C6: =D6+E6+F6+G6+H6 -> 0 | D6: ='Daily-Report'!M10 -> 0 | E6: ='Daily-Report'!N10 -> 0 | F6: ='Daily-Report'!O10 -> 0 | G6: ='Daily-Report'!P10 -> 0 | H6: ='Daily-Report'!Q10 -> 0
A8: FERQ
A9: AKTİVLƏR | C9: CƏMİ | D9: MANAT | E9: USD | F9: EURO | G9: RUBL | H9: DİGƏR
A10: 2b | B10: Rezident banklarda müxbir hesablar (xalis) | C10: =D10+E10+F10+G10+H10 -> 0 | D10: =D3-D6 -> 0 | E10: =E3-E6 -> 0 | F10: =F3-F6 -> 0 | G10: =G3-G6 -> 0 | H10: =H3-H6 -> 0
J15: Xalis artma (azalma) - AZN equal. | L15: =SUM(L4:L13) -> 0

Sheet 2c
A1: ='Daily-Report'!A3 -> Tarix: 22/01/2024 | J1: Açıqlamalar aşağıdakı kimidir
A2: AKTİVLƏR | C2: CƏMİ | D2: MANAT | E2: USD | F2: EURO | G2: RUBL | H2: DİGƏR
A3: 2c | B3: Qeyri-rezident banklarda müxbir hesablar (xalis) | C3: =D3+E3+F3+G3+H3 -> 0 | D3: ='Daily-Report'!D12 -> 0 | E3: ='Daily-Report'!E12 -> 0 | F3: ='Daily-Report'!F12 -> 0 | G3: ='Daily-Report'!G12 -> 0 | H3: ='Daily-Report'!H12 -> 0 | J3: Musteri adi | K3: Valyutasi | L3: min AZN ekvivalentinde
A5: AKTİVLƏR | C5: CƏMİ | D5: MANAT | E5: USD | F5: EURO | G5: RUBL | H5: DİGƏR
A6: 2c | B6: Qeyri-rezident banklarda müxbir hesablar (xalis) | C6: =D6+E6+F6+G6+H6 -> 0 | D6: ='Daily-Report'!M12 -> 0 | E6: ='Daily-Report'!N12 -> 0 | F6: ='Daily-Report'!O12 -> 0 | G6: ='Daily-Report'!P12 -> 0 | H6: ='Daily-Report'!Q12 -> 0
A8: FERQ
A9: AKTİVLƏR | C9: CƏMİ | D9: MANAT | E9: USD | F9: EURO | G9: RUBL | H9: DİGƏR
A10: 2c | B10: Qeyri-rezident banklarda müxbir hesablar (xalis) | C10: =D10+E10+F10+G10+H10 -> 0 | D10: =D3-D6 -> 0 | E10: =E3-E6 -> 0 | F10: =F3-F6 -> 0 | G10: =G3-G6 -> 0 | H10: =H3-H6 -> 0
J26: Diger emeliyyatlar (<100k)
J34: Xalis artma (azalma) - AZN equal. | L34: =SUM(L4:L33) -> 0

Sheet 5 Mal.inst dep ve kreditler

Sheet 3
A1: ='Daily-Report'!A3 -> Tarix: 22/01/2024 | J1: Açıqlamalar aşağıdakı kimidir
A2: AKTİVLƏR | C2: CƏMİ | D2: MANAT | E2: USD | F2: EURO | G2: RUBL | H2: DİGƏR
A3: 3 | B3: Qiymətli kağızlar (xalis) | C3: =D3+E3+F3+G3+H3 -> 0 | D3: ='Daily-Report'!D14 -> 0 | E3: ='Daily-Report'!E14 -> 0 | F3: ='Daily-Report'!F14 -> 0 | G3: ='Daily-Report'!G14 -> 0 | H3: ='Daily-Report'!H14 -> 0 | J3: Musteri adi | K3: Valyutasi | L3: min AZN ekvivalentinde
A4: ='Daily-Report'!J3 -> Tarix 19/01/2024
A5: AKTİVLƏR | C5: CƏMİ | D5: MANAT | E5: USD | F5: EURO | G5: RUBL | H5: DİGƏR
A6: 3 | B6: Qiymətli kağızlar (xalis) | C6: =D6+E6+F6+G6+H6 -> 0 | D6: ='Daily-Report'!M14 -> 0 | E6: ='Daily-Report'!N14 -> 0 | F6: ='Daily-Report'!O14 -> 0 | G6: ='Daily-Report'!P14 -> 0 | H6: ='Daily-Report'!Q14 -> 0
A8: FERQ | J8: Xalis artma (azalma) - AZN equal. | L8: =SUM(L5:L7) -> 0
A9: AKTİVLƏR | C9: CƏMİ | D9: MANAT | E9: USD | F9: EURO | G9: RUBL | H9: DİGƏR
A10: 3 | B10: Qiymətli kağızlar (xalis) | C10: =D10+E10+F10+G10+H10 -> 0 | D10: =D3-D6 -> 0 | E10: =E3-E6 -> 0 | F10: =F3-F6 -> 0 | G10: =G3-G6 -> 0 | H10: =H3-H6 -> 0

Sheet 4
A1: ='Daily-Report'!A3 -> Tarix: 22/01/2024 | J1: Açıqlamalar aşağıdakı kimidir
A2: AKTİVLƏR | C2: CƏMİ | D2: MANAT | E2: USD | F2: EURO | G2: RUBL | H2: DİGƏR
A3: 4 | B3: Banklara depozitlər və kreditlər (xalis) | C3: =D3+E3+F3+G3+H3 -> 0 | D3: ='Daily-Report'!D15 -> 0 | E3: ='Daily-Report'!E15 -> 0 | F3: ='Daily-Report'!F15 -> 0 | G3: ='Daily-Report'!G15 -> 0 | H3: ='Daily-Report'!H15 -> 0 | J3: Musteri adi | K3: Valyutasi | L3: min AZN ekvivalentinde
A4: ='Daily-Report'!J3 -> Tarix 19/01/2024
A5: AKTİVLƏR | C5: CƏMİ | D5: MANAT | E5: USD | F5: EURO | G5: RUBL | H5: DİGƏR
A6: 4 | B6: Banklara depozitlər və kreditlər (xalis) | C6: =D6+E6+F6+G6+H6 -> 0 | D6: ='Daily-Report'!M15 -> 0 | E6: ='Daily-Report'!N15 -> 0 | F6: ='Daily-Report'!O15 -> 0 | G6: ='Daily-Report'!P15 -> 0 | H6: ='Daily-Report'!Q15 -> 0
J7: Xalis artma (azalma) - AZN equal. | L7: =SUM(L4:L6) -> 0
A8: FERQ
A9: AKTİVLƏR | C9: CƏMİ | D9: MANAT | E9: USD | F9: EURO | G9: RUBL | H9: DİGƏR
A10: 4 | B10: Banklara depozitlər və kreditlər (xalis) | C10: =D10+E10+F10+G10+H10 -> 0 | D10: =D3-D6 -> 0 | E10: =E3-E6 -> 0 | F10: =F3-F6 -> 0 | G10: =G3-G6 -> 0 | H10: =H3-H6 -> 0

Sheet 3.Akkreditivlər
A1: ='Daily-Report'!A3 -> Tarix: 22/01/2024 | J1: Açıqlamalar aşağıdakı kimidir
A2: AKTİVLƏR | C2: CƏMİ | D2: MANAT | E2: USD | F2: EURO | G2: RUBL | H2: DİGƏR
A3: 3 | B3: Akkreditivlər | C3: =D3+E3+F3+G3+H3 -> 0 | D3: ='Daily-Report'!D52 -> 0 | E3: ='Daily-Report'!E52 -> 0 | F3: ='Daily-Report'!F52 -> 0 | G3: ='Daily-Report'!G52 -> 0 | H3: ='Daily-Report'!H52 -> 0 | J3: Musteri adi | K3: Valyutasi | L3: min AZN ekvivalentinde
A4: ='Daily-Report'!J3 -> Tarix 19/01/2024
A5: AKTİVLƏR | C5: CƏMİ | D5: MANAT | E5: USD | F5: EURO | G5: RUBL | H5: DİGƏR
A6: 3 | B6: Akkreditivlər | C6: =D6+E6+F6+G6+H6 -> 0 | D6: ='Daily-Report'!M52 -> 0 | E6: ='Daily-Report'!N52 -> 0 | F6: ='Daily-Report'!O52 -> 0 | G6: ='Daily-Report'!P52 -> 0 | H6: ='Daily-Report'!Q52 -> 0
A8: FERQ | J8: Xalis artma (azalma) - AZN equal. | L8: =SUM(L4:L6) -> 0
A9: AKTİVLƏR | C9: CƏMİ | D9: MANAT | E9: USD | F9: EURO | G9: RUBL | H9: DİGƏR
A10: 3 | B10: Akkreditivlər | C10: =D10+E10+F10+G10+H10 -> 0 | D10: =D3-D6 -> 0 | E10: =E3-E6 -> 0 | F10: =F3-F6 -> 0 | G10: =G3-G6 -> 0 | H10: =H3-H6 -> 0

Sheet 7.Digər balansarxası öhdəliklər
A1: ='Daily-Report'!A3 -> Tarix: 22/01/2024 | J1: Açıqlamalar aşağıdakı kimidir
A2: AKTİVLƏR | C2: CƏMİ | D2: MANAT | E2: USD | F2: EURO | G2: RUBL | H2: DİGƏR
A3: 7 | B3: Digər balansarxası öhdəliklər | C3: =D3+E3+F3+G3+H3 -> 0 | D3: ='Daily-Report'!D56 -> 0 | E3: ='Daily-Report'!E56 -> 0 | F3: ='Daily-Report'!F56 -> 0 | G3: ='Daily-Report'!G56 -> 0 | H3: ='Daily-Report'!H56 -> 0 | J3: Musteri adi | K3: Valyutasi | L3: min AZN ekvivalentinde
A4: ='Daily-Report'!J3 -> Tarix 19/01/2024
A5: AKTİVLƏR | C5: CƏMİ | D5: MANAT | E5: USD | F5: EURO | G5: RUBL | H5: DİGƏR
A6: 7 | B6: Digər balansarxası öhdəliklər | C6: =D6+E6+F6+G6+H6 -> 0 | D6: ='Daily-Report'!M56 -> 0 | E6: ='Daily-Report'!N56 -> 0 | F6: ='Daily-Report'!O56 -> 0 | G6: ='Daily-Report'!P56 -> 0 | H6: ='Daily-Report'!Q56 -> 0
A8: FERQ
A9: AKTİVLƏR | C9: CƏMİ | D9: MANAT | E9: USD | F9: EURO | G9: RUBL | H9: DİGƏR
A10: 7 | B10: Digər balansarxası öhdəliklər | C10: =D10+E10+F10+G10+H10 -> 0 | D10: =D3-D6 -> 0 | E10: =E3-E6 -> 0 | F10: =F3-F6 -> 0 | G10: =G3-G6 -> 0 | H10: =H3-H6 -> 0
J11: Xalis artma (azalma) - AZN equal. | L11: =SUM(L4:L9) -> 0

Sheet 5
A1: ='Daily-Report'!A3 -> Tarix: 22/01/2024 | J1: Açıqlamalar aşağıdakı kimidir
A2: AKTİVLƏR | C2: CƏMİ | D2: MANAT | E2: USD | F2: EURO | G2: RUBL | H2: DİGƏR
A3: 4 | B3: Maliyyə institutlarına depozitlər və kreditlər (xalis) | C3: =D3+E3+F3+G3+H3 -> 0 | D3: ='Daily-Report'!D17 -> 0 | E3: ='Daily-Report'!E17 -> 0 | F3: ='Daily-Report'!F17 -> 0 | G3: ='Daily-Report'!G17 -> 0 | H3: ='Daily-Report'!H17 -> 0 | J3: Musteri adi | K3: Valyutasi | L3: min AZN ekvivalentinde
A4: ='Daily-Report'!J3 -> Tarix 19/01/2024
A5: AKTİVLƏR | C5: CƏMİ | D5: MANAT | E5: USD | F5: EURO | G5: RUBL | H5: DİGƏR
A6: 4 | B6: Maliyyə institutlarına depozitlər və kreditlər (xalis) | C6: =D6+E6+F6+G6+H6 -> 0 | D6: ='Daily-Report'!M17 -> 0 | E6: ='Daily-Report'!N17 -> 0 | F6: ='Daily-Report'!O17 -> 0 | G6: ='Daily-Report'!P17 -> 0 | H6: ='Daily-Report'!Q17 -> 0
J7: Xalis artma (azalma) - AZN equal. | L7: =SUM(L4:L6) -> 0
A8: FERQ
A9: AKTİVLƏR | C9: CƏMİ | D9: MANAT | E9: USD | F9: EURO | G9: RUBL | H9: DİGƏR
A10: 4 | B10: Maliyyə institutlarına depozitlər və kreditlər (xalis) | C10: =D10+E10+F10+G10+H10 -> 0 | D10: =D3-D6 -> 0 | E10: =E3-E6 -> 0 | F10: =F3-F6 -> 0 | G10: =G3-G6 -> 0 | H10: =H3-H6 -> 0

Sheet 6
A1: ='Daily-Report'!A3 -> Tarix: 22/01/2024 | J1: Açıqlamalar aşağıdakı kimidir
A2: AKTİVLƏR | C2: CƏMİ | D2: MANAT | E2: USD | F2: EURO | G2: RUBL | H2: DİGƏR
A3: 6 | B3: Müştərilərə verilən kreditlər və lizinqlər | C3: =D3+E3+F3+G3+H3 -> 0 | D3: ='Daily-Report'!D19 -> 0 | E3: ='Daily-Report'!E19 -> 0 | F3: ='Daily-Report'!F19 -> 0 | G3: ='Daily-Report'!G19 -> 0 | H3: ='Daily-Report'!H19 -> 0 | J3: Musteri adi | K3: Valyutasi | L3: min AZN ekvivalentinde
A4: ='Daily-Report'!J3 -> Tarix 19/01/2024
A5: AKTİVLƏR | C5: CƏMİ | D5: MANAT | E5: USD | F5: EURO | G5: RUBL | H5: DİGƏR
A6: 6 | B6: Müştərilərə verilən kreditlər və lizinqlər | C6: =D6+E6+F6+G6+H6 -> 0 | D6: ='Daily-Report'!M19 -> 0 | E6: ='Daily-Report'!N19 -> 0 | F6: ='Daily-Report'!O19 -> 0 | G6: ='Daily-Report'!P19 -> 0 | H6: ='Daily-Report'!Q19 -> 0
A8: FERQ
A9: AKTİVLƏR | C9: CƏMİ | D9: MANAT | E9: USD | F9: EURO | G9: RUBL | H9: DİGƏR
A10: 6 | B10: Müştərilərə verilən kreditlər və lizinqlər | C10: =D10+E10+F10+G10+H10 -> 0 | D10: =D3-D6 -> 0 | E10: =E3-E6 -> 0 | F10: =F3-F6 -> 0 | G10: =G3-G6 -> 0 | H10: =H3-H6 -> 0
J13: Diger emeliyyatlar (<100k) | K13: AZN
J15: Xalis artma (azalma) - AZN equal. | L15: =SUM($L$4:L14) -> 0

Sheet 6a
A1: ='Daily-Report'!A3 -> Tarix: 22/01/2024 | J1: Açıqlamalar aşağıdakı kimidir
A2: AKTİVLƏR | C2: CƏMİ | D2: MANAT | E2: USD | F2: EURO | G2: RUBL | H2: DİGƏR
A3: 6 | B3: Kreditlər üzrə məqsədli ehtiyatlar | C3: =D3+E3+F3+G3+H3 -> 0 | D3: ='Daily-Report'!D20 -> 0 | E3: ='Daily-Report'!E20 -> 0 | F3: ='Daily-Report'!F20 -> 0 | G3: ='Daily-Report'!G20 -> 0 | H3: ='Daily-Report'!H20 -> 0 | J3: Musteri adi | K3: ehtiyatın % dərəcəsi | L3: Valyutasi | M3: min AZN ekvivalentinde
A4: ='Daily-Report'!J3 -> Tarix 19/01/2024 | XFD4: 0.01
A5: AKTİVLƏR | C5: CƏMİ | D5: MANAT | E5: USD | F5: EURO | G5: RUBL | H5: DİGƏR | XFD5: 0.02
A6: 6 | B6: Kreditlər üzrə məqsədli ehtiyatlar | C6: =D6+E6+F6+G6+H6 -> 0 | D6: ='Daily-Report'!M20 -> 0 | E6: ='Daily-Report'!N20 -> 0 | F6: ='Daily-Report'!O20 -> 0 | G6: ='Daily-Report'!P20 -> 0 | H6: ='Daily-Report'!Q20 -> 0 | XFD6: 0.03
XFD7: 0.05
A8: FERQ | XFD8: 0.1
A9: AKTİVLƏR | C9: CƏMİ | D9: MANAT | E9: USD | F9: EURO | G9: RUBL | H9: DİGƏR | XFD9: 0.25
A10: 6 | B10: Kreditlər üzrə məqsədli ehtiyatlar | C10: =D10+E10+F10+G10+H10 -> 0 | D10: =D3-D6 -> 0 | E10: =E3-E6 -> 0 | F10: =F3-F6 -> 0 | G10: =G3-G6 -> 0 | H10: =H3-H6 -> 0 | J10: Diger emeliyyatlar (<100k) | L10: AZN | XFD10: 0.5
J11: Xalis artma (azalma) - AZN equal. | M11: =SUM($M$4:M10) -> 0 | XFD11: 1

Sheet 2
A1: ='Daily-Report'!A3 -> Tarix: 22/01/2024 | J1: Açıqlamalar aşağıdakı kimidir
A2: AKTİVLƏR | C2: CƏMİ | D2: MANAT | E2: USD | F2: EURO | G2: RUBL | H2: DİGƏR
A3: 2 | B3: Balansdankənar hesabat | C3: =D3+E3+F3+G3+H3 -> 0 | D3: ='Daily-Report'!D57 -> 0 | E3: ='Daily-Report'!E57 -> 0 | F3: ='Daily-Report'!F57 -> 0 | G3: ='Daily-Report'!G57 -> 0 | H3: ='Daily-Report'!H57 -> 0 | J3: Musteri adi | K3: Balansdankənar | L3: Valyutasi | M3: min AZN ekvivalentinde
A4: ='Daily-Report'!J3 -> Tarix 19/01/2024
A5: AKTİVLƏR | C5: CƏMİ | D5: MANAT | E5: USD | F5: EURO | G5: RUBL | H5: DİGƏR
A6: 2 | B6: Balansdankənar hesabat | C6: =D6+E6+F6+G6+H6 -> 0 | D6: ='Daily-Report'!M57 -> 0 | E6: ='Daily-Report'!N57 -> 0 | F6: ='Daily-Report'!O57 -> 0 | G6: ='Daily-Report'!P57 -> 0 | H6: ='Daily-Report'!Q57 -> 0
A8: FERQ
A9: AKTİVLƏR | C9: CƏMİ | D9: MANAT | E9: USD | F9: EURO | G9: RUBL | H9: DİGƏR
A10: 2 | B10: Balansdankənar hesabat | C10: =D10+E10+F10+G10+H10 -> 0 | D10: =D3-D6 -> 0 | E10: =E3-E6 -> 0 | F10: =F3-F6 -> 0 | G10: =G3-G6 -> 0 | H10: =H3-H6 -> 0
J16: Xalis artma (azalma) - AZN equal. | M16: =SUM(M4:M15) -> 0

Sheet 10+11
A1: ='Daily-Report'!A3 -> Tarix: 22/01/2024 | J1: Telebli Dep+ | T1: Muddetli Dep+
A2: PASSIVLƏR | C2: CƏMİ | D2: MANAT | E2: USD | F2: EURO | G2: RUBL | H2: DİGƏR | J2: 10a Hüquqi şəxslər | K2: musteri no: | L2: valyuta | M2: min AZN ekv. | O2: 10b Fiziki şəxslər | P2: musteri no: | Q2: valyuta | R2: min AZN ekv. | T2: 11a Hüquqi şəxslər | U2: musteri no: | V2: valyuta | W2: min AZN ekv. | Y2: 11b Fiziki şəxslər | Z2: musteri no: | AA2: valyuta | AB2: min AZN ekv.
A3: 10a | B3: Hüquqi şəxslər | C3: =D3+E3+F3+G3+H3 -> 0 | D3: ='Daily-Report'!D31 -> 0 | E3: ='Daily-Report'!E31 -> 0 | F3: ='Daily-Report'!F31 -> 0 | G3: ='Daily-Report'!G31 -> 0 | H3: ='Daily-Report'!H31 -> 0
A4: 10b | B4: Fiziki şəxslər | C4: =D4+E4+F4+G4+H4 -> 0 | D4: ='Daily-Report'!D32 -> 0 | E4: ='Daily-Report'!E32 -> 0 | F4: ='Daily-Report'!F32 -> 0 | G4: ='Daily-Report'!G32 -> 0 | H4: ='Daily-Report'!H32 -> 0
A5: 11a | B5: Hüquqi şəxslər | C5: =D5+E5+F5+G5+H5 -> 0 | D5: ='Daily-Report'!D34 -> 0 | E5: ='Daily-Report'!E34 -> 0 | F5: ='Daily-Report'!F34 -> 0 | G5: ='Daily-Report'!G34 -> 0 | H5: ='Daily-Report'!H34 -> 0
A6: 11b | B6: Fiziki şəxslər | C6: =D6+E6+F6+G6+H6 -> 0 | D6: ='Daily-Report'!D35 -> 0 | E6: ='Daily-Report'!E35 -> 0 | F6: ='Daily-Report'!F35 -> 0 | G6: ='Daily-Report'!G35 -> 0 | H6: ='Daily-Report'!H35 -> 0
A7: ='Daily-Report'!J3 -> Tarix 19/01/2024 | O7: Diger emeliyyatlar (<150k)
A8: PASSIVLƏR | C8: CƏMİ | D8: MANAT | E8: USD | F8: EURO | G8: RUBL | H8: DİGƏR
A9: 10a | B9: Hüquqi şəxslər | C9: =D9+E9+F9+G9+H9 -> 0 | D9: ='Daily-Report'!M31 -> 0 | E9: ='Daily-Report'!N31 -> 0 | F9: ='Daily-Report'!O31 -> 0 | G9: ='Daily-Report'!P31 -> 0 | H9: ='Daily-Report'!Q31 -> 0
A10: 10b | B10: Fiziki şəxslər | C10: =D10+E10+F10+G10+H10 -> 0 | D10: ='Daily-Report'!M32 -> 0 | E10: ='Daily-Report'!N32 -> 0 | F10: ='Daily-Report'!O32 -> 0 | G10: ='Daily-Report'!P32 -> 0 | H10: ='Daily-Report'!Q32 -> 0
A11: 11a | B11: Hüquqi şəxslər | C11: =D11+E11+F11+G11+H11 -> 0 | D11: ='Daily-Report'!M34 -> 0 | E11: ='Daily-Report'!N34 -> 0 | F11: ='Daily-Report'!O34 -> 0 | G11: ='Daily-Report'!P34 -> 0 | H11: ='Daily-Report'!Q34 -> 0 | T11: Xalis artma (azalma) - AZN equal. | W11: =SUM(W3:W10) -> 0 | Y11: Xalis artma (azalma) - AZN equal. | AB11: =SUM(AB3:AB10) -> 0
A12: 11b | B12: Fiziki şəxslər | C12: =D12+E12+F12+G12+H12 -> 0 | D12: ='Daily-Report'!M35 -> 0 | E12: ='Daily-Report'!N35 -> 0 | F12: ='Daily-Report'!O35 -> 0 | G12: ='Daily-Report'!P35 -> 0 | H12: ='Daily-Report'!Q35 -> 0
A13: FERQ | O13: Xalis artma (azalma) - AZN equal. | R13: =SUM(R3:R12) -> 0
A14: PASSIVLƏR | C14: CƏMİ | D14: MANAT | E14: USD | F14: EURO | G14: RUBL | H14: DİGƏR
A15: 10a | B15: Hüquqi şəxslər | C15: =D15+E15+F15+G15+H15 -> 0 | D15: =D3-D9 -> 0 | E15: =E3-E9 -> 0 | F15: =F3-F9 -> 0 | G15: =G3-G9 -> 0 | H15: =H3-H9 -> 0
A16: 10b | B16: Fiziki şəxslər | C16: =D16+E16+F16+G16+H16 -> 0 | D16: =D4-D10 -> 0 | E16: =E4-E10 -> 0 | F16: =F4-F10 -> 0 | G16: =G4-G10 -> 0 | H16: =H4-H10 -> 0
A17: 11a | B17: Hüquqi şəxslər | C17: =D17+E17+F17+G17+H17 -> 0 | D17: =D5-D11 -> 0 | E17: =E5-E11 -> 0 | F17: =F5-F11 -> 0 | G17: =G5-G11 -> 0 | H17: =H5-H11 -> 0
A18: 11b | B18: Fiziki şəxslər | C18: =D18+E18+F18+G18+H18 -> 0 | D18: =D6-D12 -> 0 | E18: =E6-E12 -> 0 | F18: =F6-F12 -> 0 | G18: =G6-G12 -> 0 | H18: =H6-H12 -> 0
J34: Diger emeliyyatlar (<150k)
J56: Xalis artma (azalma) - AZN equal. | M56: =SUM(M3:M55) -> 0

Sheet 13
A1: ='Daily-Report'!A3 -> Tarix: 22/01/2024 | J1: Açıqlamalar aşağıdakı kimidir
A2: PASSİVLƏR | C2: CƏMİ | D2: MANAT | E2: USD | F2: EURO | G2: RUBL | H2: DİGƏR
A3: 13 | B3: Bankların tələbləri (Loro) | C3: =D3+E3+F3+G3+H3 -> 0 | D3: ='Daily-Report'!D37 -> 0 | E3: ='Daily-Report'!E37 -> 0 | F3: ='Daily-Report'!F37 -> 0 | G3: ='Daily-Report'!G37 -> 0 | H3: ='Daily-Report'!H37 -> 0 | J3: Musteri adi | K3: Valyutasi | L3: min AZN ekvivalentinde
A4: ='Daily-Report'!J3 -> Tarix 19/01/2024
A5: PASSİVLƏR | C5: CƏMİ | D5: MANAT | E5: USD | F5: EURO | G5: RUBL | H5: DİGƏR
A6: 13 | B6: Bankların tələbləri (Loro) | C6: =D6+E6+F6+G6+H6 -> 0 | D6: ='Daily-Report'!M37 -> 0 | E6: ='Daily-Report'!N37 -> 0 | F6: ='Daily-Report'!O37 -> 0 | G6: ='Daily-Report'!P37 -> 0 | H6: ='Daily-Report'!Q37 -> 0 | J6: Xalis artma (azalma) - AZN equal.
A8: FERQ
A9: PASSİVLƏR | C9: CƏMİ | D9: MANAT | E9: USD | F9: EURO | G9: RUBL | H9: DİGƏR
A10: 13 | B10: Bankların tələbləri (Loro) | C10: =D10+E10+F10+G10+H10 -> 0 | D10: =D3-D6 -> 0 | E10: =E3-E6 -> 0 | F10: =F3-F6 -> 0 | G10: =G3-G6 -> 0 | H10: =H3-H6 -> 0

Sheet 14
A1: ='Daily-Report'!A3 -> Tarix: 22/01/2024 | J1: Açıqlamalar aşağıdakı kimidir
A2: PASSİVLƏR | C2: CƏMİ | D2: MANAT | E2: USD | F2: EURO | G2: RUBL | H2: DİGƏR
A3: 14a | B3: Bankların depozitləri və kreditləri | C3: =D3+E3+F3+G3+H3 -> 0 | D3: ='Daily-Report'!D39 -> 0 | E3: ='Daily-Report'!E39 -> 0 | F3: ='Daily-Report'!F39 -> 0 | G3: ='Daily-Report'!G39 -> 0 | H3: ='Daily-Report'!H39 -> 0 | J3: Musteri adi | K3: Valyutasi | L3: min AZN ekvivalentinde
A4: ='Daily-Report'!J3 -> Tarix 19/01/2024
A5: PASSİVLƏR | C5: CƏMİ | D5: MANAT | E5: USD | F5: EURO | G5: RUBL | H5: DİGƏR
A6: 14a | B6: Bankların depozitləri və kreditləri | C6: =D6+E6+F6+G6+H6 -> 0 | D6: ='Daily-Report'!M39 -> 0 | E6: ='Daily-Report'!N39 -> 0 | F6: ='Daily-Report'!O39 -> 0 | G6: ='Daily-Report'!P39 -> 0 | H6: ='Daily-Report'!Q39 -> 0
A8: FERQ
A9: PASSİVLƏR | C9: CƏMİ | D9: MANAT | E9: USD | F9: EURO | G9: RUBL | H9: DİGƏR | J9: Xalis artma (azalma) - AZN equal. | L9: =SUM(L4:L8) -> 0
A10: 14a | B10: Bankların depozitləri və kreditləri | C10: =D10+E10+F10+G10+H10 -> 0 | D10: =D3-D6 -> 0 | E10: =E3-E6 -> 0 | F10: =F3-F6 -> 0 | G10: =G3-G6 -> 0 | H10: =H3-H6 -> 0
A13: =A1 -> Tarix: 22/01/2024
A14: PASSİVLƏR | C14: CƏMİ | D14: MANAT | E14: USD | F14: EURO | G14: RUBL | H14: DİGƏR
A15: 14c | B15: Maliyyə institutlarının depozitləri və kreditləri | C15: =D15+E15+F15+G15+H15 -> 0 | D15: ='Daily-Report'!D40 -> 0 | E15: ='Daily-Report'!E40 -> 0 | F15: ='Daily-Report'!F40 -> 0 | G15: ='Daily-Report'!G40 -> 0 | H15: ='Daily-Report'!H40 -> 0
A16: ='Daily-Report'!J3 -> Tarix 19/01/2024
A17: PASSİVLƏR | C17: CƏMİ | D17: MANAT | E17: USD | F17: EURO | G17: RUBL | H17: DİGƏR
A18: 14c | B18: Maliyyə institutlarının depozitləri və kreditləri | C18: =D18+E18+F18+G18+H18 -> 0 | D18: ='Daily-Report'!M40 -> 0 | E18: ='Daily-Report'!N40 -> 0 | F18: ='Daily-Report'!O40 -> 0 | G18: ='Daily-Report'!P40 -> 0 | H18: ='Daily-Report'!Q40 -> 0
A20: FERQ
A21: PASSİVLƏR | C21: CƏMİ | D21: MANAT | E21: USD | F21: EURO | G21: RUBL | H21: DİGƏR
A22: 14c | B22: Maliyyə institutlarının depozitləri və kreditləri | C22: =D22+E22+F22+G22+H22 -> 0 | D22: =D15-D18 -> 0 | E22: =E15-E18 -> 0 | F22: =F15-F18 -> 0 | G22: =G15-G18 -> 0 | H22: =H15-H18 -> 0
